Qts2Cmp.Geico,14504176049,geico.exact.20140316,25933830,geico,2.72,0.1,6.8,0.1
Qts2Cmp.Geico,14504176049,geico.exact.20140316,25933830,geico,2.72,0.1,6.93,0.1
Qts2Cmp.LibertyMutual,14504181449,liberty.20131123,37159040,liberty mutual,1.43,0.1,7.3,0.1
Qts2Cmp.LibertyMutual,14504181449,liberty.20131123,37159040,liberty mutual,1.42,0.1,7.34,0.1
Qts2Cmp.Brands.Exact.1.20131123,14479614809,allstate,38763800,allstate,1.2,0.1,10.77,0.1
Qts2Cmp.Brands.Exact.1.20131123,14479614809,allstate,38763800,allstate,1.2,0.1,11.33,0.1
Qts2Cmp.Geico,14504176769,geico.broad.20140316,13655260,geico,1.36,0.1,7.45,0.1
Qts2Cmp.Geico,14504176769,geico.broad.20140316,13655260,geico,1.36,0.1,7.46,0.1
Qts2Cmp.Brands.Exact.1.20131123,14479616009,wawanesa,251268366,wawanesa,1.37,0.1,8.24,0.1
Qts2Cmp.Geico,14504176769,geico.broad.20140316,12729290,geico car insurance quote,1.05,0.1,10.47,0.1
Qts2Cmp.Geico,14504176769,geico.broad.20140316,12729290,geico car insurance quote,1.05,0.1,10.73,0.1
Qts2Cmp.Brands.Exact.1.20131123,14479616009,wawanesa,251268366,wawanesa,1.3,0.1,8.17,0.1
Qts2Cmp.Brands.Exact.1.20131123,14479615529,21st century,85943831,21st century,1.05,0.1,7.19,0.1
Qts2Cmp.StateFarm,14504180369,state farm.20140122,16995891,state farm,1.05,0.1,5.37,0.1
Qts2Cmp.StateFarm,14504179649,statefarm.exact.20140316,33542620,state farm,0.8,0.1,4.34,0.1
Qts2Cmp.Geico,14504176049,geico.exact.20140316,28485030,geico quote,2.98,0.1,5.97,0.1
Qts2Cmp.Geico,14504176049,geico.exact.20140316,28485030,geico quote,2.95,0.1,6.05,0.1
Qts2Cmp.Brands.Exact.1.20131123,14500247609,aaa,30311473,triple a,1.10,0.1,7.69,0.1
Qts2Cmp.Geico,14504176049,geico.exact.20140316,25933820,geico insurance,1.78,0.1,8.17,0.1
Qts2Cmp.Geico,14504176049,geico.exact.20140316,25933820,geico insurance,1.94,0.1,8.35,0.1
Qts2Cmp.Geico,14504176049,geico.exact.20140316,43275582,geico insurance quote,1.52,0.1,8.26,0.1
Qts2Cmp.Brands.Exact.1.20131123,14479614809,allstate,90670265,all state,1.10,0.1,13.81,0.1
Qts2Cmp.Geico,14504176049,geico.exact.20140316,43275582,geico insurance quote,1.50,0.1,8.08,0.1
Qts2Cmp.LibertyMutual,14504181449,liberty.20131123,26571192,liberty mutual insurance,1.53,0.1,6.96,0.1
Qts2Cmp.Brands.Exact.1.20131123,14500247609,aaa,30311473,triple a,1,0.1,7.75,0.1
Qts2Cmp.Brands.Exact.1.20131123,14479615529,21st century,85943831,21st century,1,0.1,4.88,0.1
Qts2Cmp.LibertyMutual,14504181449,liberty.20131123,26571192,liberty mutual insurance,1.51,0.1,6.99,0.1
Qts2Cmp.StateFarm,14504179649,statefarm.exact.20140316,39534890,state farm insurance,1.05,0.1,6.99,0.1
Qts2Cmp.Brands.Exact.1.20131123,14479614809,allstate,90670265,all state,1.05,0.1,14.86,0.1
Qts2Cmp.Geico,14504176769,geico.broad.20140316,10892921,geico auto insurance,1.2,0.1,7.46,0.1
Qts2Cmp.Geico,14504176769,geico.broad.20140316,17711761,geico car insurance,1.10,0.1,6.95,0.1
Qts2Cmp.Brands.Exact.1.20131123,14479616129,alfa insurance,101731324,alfa insurance,1.53,0.1,6.21,0.1
Qts2Cmp.LibertyMutual,14504181209,liberty.20140122,36292370,libertymutual,1.40,0.1,6.52,0.1
Qts2Cmp.LibertyMutual,14504181209,liberty.20140122,36292370,libertymutual,1.40,0.1,6.52,0.1
Qts2Cmp.Brands.Exact.1.20131123,14479616009,wawanesa,89238923,wawanesa insurance,1,0.1,8.99,0.1
Qts2Cmp.Brands.Exact.1.20131123,12919420529,amica.20131123,99610503,amica auto insurance,3,0.1,8.2,0.1
Qts2Cmp.Brands.Exact.1.20131123,12919420529,amica.20131123,49135050,amica,2.24,0.1,6.26,0.1
Qts2Cmp.Brands.Broad.2.20140122,13494875369,farmers.20140122,23694383,farmers auto insurance,1.45,0.1,7.49,0.1
Qts2Cmp.Brands.Broad.2.20140122,13494874769,direct general.20140122,193415816,direct general,0.8,0.1,8.96,0.1
Qts2Cmp.Geico,14504176769,geico.broad.20140316,12736800,geico auto insurance quote,2.02,0.1,9.49,0.1
Qts2Cmp.Brands.Exact.1.20131123,12919422689,look.20131123,118685095,look insurance,1,0.1,5.76,0.1
Qts2Cmp.Geico,14504176769,geico.broad.20140316,12736800,geico auto insurance quote,2.01,0.1,10.2,0.1
Qts2Cmp.Geico,14504176769,geico.broad.20140316,3132007308,geico free quote,2.20,0.1,7.36,0.1
Qts2Cmp.Geico,14504176769,geico.broad.20140316,3132007308,geico free quote,2.74,0.1,7.07,0.1
Qts2Cmp.TOM.Broad.1.20140122,13494909449,free insurance quotes.20140122,10893081,insurance quotes,3,0.1,6.22,0.1
Qts2Cmp.LibertyMutual,14504181449,liberty.20131123,61685628,liberty mutual car insurance,3,0.1,5.78,0.1
Qts2Cmp.StateFarm,14504179649,statefarm.exact.20140316,305022696,state farm quote,1,0.1,6.94,0.1
Qts2Cmp.Brands.Broad.2.20140122,13494872609,21st century.20140122,48470490,21 century,1.41,0.1,8.04,0.1
Qts2Cmp.Brands.Broad.4.20140122,13494889529,state auto.20140122,16747001,allstate,1,0.1,8.8,0.1
Qts2Cmp.StateFarm,14504179649,statefarm.exact.20140316,13861972,state farm auto insurance,0.8,0.1,5.62,0.1
Qts2Cmp.Geico,14504176049,geico.exact.20140316,13864842,geico car insurance quote,3,0.1,8.12,0.1
Qts2Cmp.LibertyMutual,14504181449,liberty.20131123,61685628,liberty mutual car insurance,3,0.1,5.77,0.1
Qts2Cmp.Brands.Broad.2.20140122,13494875369,farmers.20140122,23694383,farmers auto insurance,2.10,0.1,6.82,0.1
Qts2Cmp.StateFarm,14504180369,state farm.20140122,47709331,state farm car insurance quotes,1.46,0.1,6.3,0.1
Qts2Cmp.StateFarm,14504180369,state farm.20140122,47709331,state farm car insurance quotes,1.46,0.1,6.3,0.1
Qts2Cmp.Brands.Exact.1.20131123,14500247609,aaa,493128273,triple a insurance,1,0.1,12.14,0.1
Qts2Cmp.TOM.Broad.1.20140122,13494909089,compare and save.20140122,18926251,auto insurance rate comparison,0.8,0.1,17.16,0.1
Qts2Cmp.LibertyMutual,14504181449,liberty.20131123,61676808,liberty mutual auto insurance,1.34,0.1,8.74,0.1
Qts2Cmp.LibertyMutual,14504181449,liberty.20131123,61676808,liberty mutual auto insurance,1.3,0.1,8.81,0.1
Qts2Cmp.Brands.Exact.1.20131123,14482974449,farmers,11971590,farmers insurance,0.8,0.1,9.95,0.1
Qts2Cmp.LibertyMutual,14504181449,liberty.20131123,324081576,liberty mutual quote,2.90,0.1,7.1,0.1
Qts2Cmp.LibertyMutual,14504181449,liberty.20131123,324081576,liberty mutual quote,2.90,0.1,7.1,0.1
Qts2Cmp.StateFarm,14504179649,statefarm.exact.20140316,126537017,state farm insurance quote,1.10,0.1,7.91,0.1
Qts2Cmp.Brands.Exact.1.20131123,14482952249,ameriprise,1697687538,ameriprise,1,0.1,8.11,0.1
Qts2Cmp.Geico,14504176049,geico.exact.20140316,13864842,geico car insurance quote,3,0.1,8.89,0.1
Qts2Cmp.Brands.Exact.1.20131123,12919420529,amica.20131123,99610503,amica auto insurance,1.69,0.1,8.97,0.1
Qts2Cmp.Geico,14504176769,geico.broad.20140316,12728220,geico insurance quote,2.17,0.1,8.75,0.1
Qts2Cmp.Geico,14504176769,geico.broad.20140316,12728220,geico insurance quote,2.17,0.1,8.75,0.1
Qts2Cmp.Brands.Exact.1.20131123,12919420529,amica.20131123,42819626,amica insurance,1.3,0.1,8.11,0.1
Qts2Cmp.Brands.Broad.2.20140122,13494881129,usaa.20140122,20894491,usaa car insurance,1.2,0.1,13.52,0.1
Qts2Cmp.LibertyMutual,14504181449,liberty.20131123,99677823,liberty auto insurance,1.56,0.1,10.17,0.1
Qts2Cmp.LibertyMutual,14504181449,liberty.20131123,99677823,liberty auto insurance,1.56,0.1,10.17,0.1
Qts2Cmp.Brands.Exact.1.20131123,14479616009,wawanesa,1502250147,wawanesa insurance quote,1.52,0.1,8.6,0.1
Qts2Cmp.Brands.Exact.1.20131123,12919421849,fred loya.20131123,589206972,fred loya,0.8,0.1,14.99,0.1
Qts2Cmp.Brands.Exact.1.20131123,12919423049,ocean harbor.20131123,533904843,ocean harbor insurance,1.54,0.1,5.46,0.1
Qts2Cmp.LibertyMutual,14504181449,liberty.20131123,97427034,liberty insurance,0.8,0.1,8.5,0.1
Qts2Cmp.StateFarm,14504180369,state farm.20140122,12728320,state farm auto insurance quote,1.10,0.1,5.4,0.1
Qts2Cmp.Brands.Exact.1.20131123,14500247609,aaa,21491520,aaa insurance,0.8,0.1,6.62,0.1
Qts2Cmp.StateFarm,14504180369,state farm.20140122,378138624,state farm auto quote,1,0.1,3.99,0.1
Qts2Cmp.StateFarm,14504179649,statefarm.exact.20140316,38763840,statefarm,0.8,0.1,4.87,0.1
Qts2Cmp.LibertyMutual,14504181209,liberty.20140122,352978733,liberty mutual insurance quote,3,0.1,7.25,0.1
Qts2Cmp.LibertyMutual,14504181449,liberty.20131123,343775508,liberty mutual car insurance quote,3,0.1,7.42,0.1
Qts2Cmp.Brands.Broad.2.20140122,13494874049,bear river.20140122,1600942546,bear river mutual,1.54,0.1,11.15,0.1
Qts2Cmp.Brands.Exact.1.20131123,14502296489,esurance.20131210,33355570,esurance,1,0.1,8.22,0.1
Qts2Cmp.StateFarm,14504179649,statefarm.exact.20140316,101745964,statefarm insurance,0.8,0.1,5.84,0.1
Qts2Cmp.Brands.Exact.1.20131123,14479616129,alfa insurance,101731324,alfa insurance,1.10,0.1,6.42,0.1
Qts2Cmp.StateFarm,14504180369,state farm.20140122,18723261,state farm car insurance,1,0.1,3.36,0.1
Qts2Cmp.Brands.Broad.1.20140122,13494866609,adriana.20140122,4999559812,adriana ins,3,0.1,12.45,0.1
Qts2Cmp.Brands.Broad.4.20140122,13494889769,germania insurance.20140122,196159618,germania insurance,3,0.1,6.24,0.1
Qts2Cmp.Brands.Broad.2.20140122,13494874769,direct general.20140122,142603896,direct general car insurance,1.88,0.1,12.08,0.1
Qts2Cmp.StateFarm,14504180369,state farm.20140122,23686793,state farm car insurance quote,1.86,0.1,6.92,0.1
Qts2Cmp.StateFarm,14504180369,state farm.20140122,139382315,state farm quotes,1.3,0.1,6.93,0.1
Qts2Cmp.Brands.Broad.1.20140122,13494866969,costco .20140122,143641770,costco insurance,1.71,0.1,7.41,0.1
Qts2Cmp.Brands.Broad.1.20140122,13494866969,costco .20140122,143641770,costco insurance,1.50,0.1,7.59,0.1
Qts2Cmp.Brands.Broad.2.20140122,13494874769,direct general.20140122,110280210,direct general insurance,0.5,0.1,12.78,0.1
Qts2Cmp.LibertyMutual,14504181209,liberty.20140122,352978733,liberty mutual insurance quote,3,0.1,8.21,0.1
Qts2Cmp.Brands.Broad.2.20140122,13494874049,bear river.20140122,1600942546,bear river mutual,3,0.1,8.57,0.1
Qts2Cmp.Brands.Broad.2.20140122,13494874049,bear river.20140122,119469938,bear river,3,0.1,5.19,0.1
Qts2Cmp.Brands.Broad.2.20140122,13494874049,bear river.20140122,119469938,bear river,3,0.1,5.19,0.1
Qts2Cmp.Brands.Broad.2.20140122,13494873209,alfa.20140122,1338700862,alfa insurance quote,3,0.1,9.73,0.1
Qts2Cmp.Brands.Exact.1.20131123,14482974449,farmers,13160660,farmers,1,0.1,5.6,0.1
Qts2Cmp.Brands.Exact.1.20131123,13202825609,bristol west.20131210,313489083,bristol west insurance,0.8,0.1,6.3,0.1
Qts2Cmp.Brands.Broad.2.20140122,13494878489,oregon mutual.20140122,635562395,oregon mutual auto insurance,3,0.1,10.96,0.1
Qts2Cmp.Brands.Broad.2.20140122,13494876569,hastings mutual.20140122,392561134,hastings mutual car insurance,3,0.1,9.56,0.1
Qts2Cmp.Brands.Exact.1.20131123,14479615529,21st century,96435304,21st insurance,1.73,0.1,12.32,0.1
Qts2Cmp.Brands.Broad.2.20140122,13494876569,hastings mutual.20140122,392561134,hastings mutual car insurance,2.17,0.1,10.7,0.1
Qts2Cmp.Brands.Broad.2.20140122,13494878489,oregon mutual.20140122,635562395,oregon mutual auto insurance,2.29,0.1,10.87,0.1
Qts2Cmp.TOM.Broad.1.20140122,13494909449,free insurance quotes.20140122,22307160,free insurance quotes,1.45,0.1,9.62,0.1
Qts2Cmp.Brands.Broad.2.20140122,13494874769,direct general.20140122,142603896,direct general car insurance,1.53,0.1,13.29,0.1
Qts2Cmp.TOM.Broad.1.20140122,13494909449,free insurance quotes.20140122,10893081,insurance quotes,1.44,0.1,8.55,0.1
Qts2Cmp.Brands.Exact.1.20131123,14479614809,allstate,21491300,allstate insurance,1.64,0.1,11.02,0.1
Qts2Cmp.Brands.Exact.1.20131123,12919420169,acceptance.20131123,300963836,acceptance insurance,0.8,0.1,15.64,0.1
Qts2Cmp.Brands.Broad.1.20140122,13494866969,costco .20140122,100596136,costco car insurance,1.3,0.1,7.15,0.1
Qts2Cmp.Brands.Exact.1.20131123,12919420529,amica.20131123,49135050,amica,1.3,0.1,6.45,0.1
Qts2Cmp.Geico,14504176049,geico.exact.20140316,25933850,geico auto insurance,1.2,0.1,8.09,0.1
Qts2Cmp.StateFarm,14504180369,state farm.20140122,23686793,state farm car insurance quote,1.49,0.1,7.23,0.1
Qts2Cmp.Brands.Broad.2.20140122,13494873689,ameriprise.20140122,343158929,ameriprise,0.8,0.1,12.85,0.1
Qts2Cmp.Brands.Broad.1.20140122,14504158769,metropolitan,254626368,metropolitan insurance company,0.8,0.1,8.89,0.1
Qts2Cmp.Brands.Exact.1.20131123,12919423049,ocean harbor.20131123,533904843,ocean harbor insurance,1.3,0.1,5.46,0.1
Qts2Cmp.StateFarm,14504180369,state farm.20140122,11076380,state farm auto insurance,1,0.1,2.94,0.1
Qts2Cmp.LibertyMutual,14504181449,liberty.20131123,29811760,liberty,0.8,0.1,3.75,0.1
Qts2Cmp.Brands.Broad.2.20140122,13494872369,esurance.20140122,267238938,esurance insurance,3,0.1,12.73,0.1
Qts2Cmp.Brands.Exact.1.20131123,12919422689,look.20131123,61618348,look auto insurance,1.2,0.1,9.94,0.1
Qts2Cmp.TOM.Broad.1.20140122,13494908609,cheap auto insurance.20140122,10317450,cheap auto insurance,2.22,0.1,9.08,0.1
Qts2Cmp.Brands.Broad.2.20140122,13494873209,alfa.20140122,1338700862,alfa insurance quote,2.36,0.1,9.83,0.1
Qts2Cmp.Brands.Exact.1.20131123,14483175329,infinity insurance,29996721,infinity auto,3,0.1,7.91,0.1
Qts2Cmp.Brands.Broad.1.20140122,13494869009,look.20140122,2986555786,look insurance michigan,3,0.1,6.77,0.1
Qts2Cmp.Brands.Broad.1.20140122,13494869009,look.20140122,2986555786,look insurance michigan,3,0.1,6.77,0.1
Qts2Cmp.Brands.Broad.4.20140122,13494888209,ausa.20140122,11213162,ausa,3,0.1,8.26,0.1
Qts2Cmp.Brands.Broad.4.20140122,13494888209,ausa.20140122,11213162,ausa,3,0.1,8.26,0.1
Qts2Cmp.Brands.Broad.4.20140122,13494889529,state auto.20140122,18723291,allstate car insurance,3,0.1,7.8,0.1
Qts2Cmp.Brands.Broad.2.20140122,13494875729,gmac.20140122,20708883,gmac insurance,3,0.1,5.85,0.1
Qts2Cmp.Brands.Broad.4.20140122,13494889769,germania insurance.20140122,196159618,germania insurance,3,0.1,6.27,0.1
Qts2Cmp.Brands.Broad.2.20140122,13494876809,horace mann.20140122,100597936,horace mann insurance,3,0.1,4.99,0.1
Qts2Cmp.Brands.Exact.1.20131123,12919420649,costco .20131123,99500063,costco insurance,1.43,0.1,9.51,0.1
Qts2Cmp.Brands.Broad.2.20140122,13494872369,esurance.20140122,10564430,esurance,1,0.1,9.61,0.1
Qts2Cmp.StateFarm,14504179649,statefarm.exact.20140316,42824066,statefarm auto insurance,1.2,0.1,10.37,0.1
Qts2Cmp.Brands.Exact.1.20131123,14483175329,infinity insurance,99458783,infinity auto insurance,0.8,0.1,12.78,0.1
Qts2Cmp.Brands.Exact.1.20131123,14479616009,wawanesa,1502250147,wawanesa insurance quote,1.05,0.1,8.46,0.1
Qts2Cmp.StateFarm,14504179649,statefarm.exact.20140316,785512119,state farm auto quote,1,0.1,6.47,0.1
Qts2Cmp.Brands.Broad.2.20140122,13494880049,selective.20140122,280094913,selective auto insurance,2.61,0.1,5.3,0.1
Qts2Cmp.LibertyMutual,14504181449,liberty.20131123,42823586,liberty mutual insurance company,1,0.1,4.83,0.1
Qts2Cmp.Brands.Broad.2.20140122,13494872609,21st century.20140122,48470490,21 century,1,0.1,6.29,0.1
Qts2Cmp.Brands.Broad.1.20140122,13494866849,amica.20140122,47698411,amica mutual insurance,3,0.1,10.55,0.1
Qts2Cmp.Brands.Broad.2.20140122,13494879089,plymouth rock.20140122,59172943510,plymouth rock quotes,3,0.1,9.15,0.1
Qts2Cmp.Brands.Broad.2.20140122,13494878009,mutual of enumclaw.20140122,1837263384,mutual of enumclaw auto insurance,3,0.1,6.73,0.1
Qts2Cmp.Brands.Broad.2.20140122,13494878009,mutual of enumclaw.20140122,1837263384,mutual of enumclaw auto insurance,3,0.1,6.73,0.1
Qts2Cmp.Brands.Broad.1.20140122,13494866609,adriana.20140122,313645203,adrian insurance,3,0.1,5.03,0.1
Qts2Cmp.Brands.Broad.1.20140122,13494866609,adriana.20140122,313645203,adrian insurance,3,0.1,5.03,0.1
Qts2Cmp.LibertyMutual,14504181449,liberty.20131123,343774668,liberty mutual auto insurance quote,2.42,0.1,11.06,0.1
Qts2Cmp.LibertyMutual,14504181449,liberty.20131123,343774668,liberty mutual auto insurance quote,2.42,0.1,11.06,0.1
Qts2Cmp.Brands.Broad.2.20140122,13494872609,21st century.20140122,20894441,21st century auto insurance,1.45,0.1,8.63,0.1
Qts2Cmp.Brands.Broad.1.20140122,13494866729,aggressive.20140122,744549484,aggressive insurance,3,0.1,4.73,0.1
Qts2Cmp.Brands.Broad.2.20140122,13494875129,elephant.20140122,4580361557,elephant auto,1.3,0.1,10.38,0.1
Qts2Cmp.Brands.Broad.1.20140122,13494870089,bristol west.20140122,140381013,bristol west insurance,0.8,0.1,5.4,0.1
Qts2Cmp.Geico,14504176769,geico.broad.20140316,120632036,geico quotes,1,0.1,5.01,0.1
Qts2Cmp.Brands.Broad.2.20140122,13494873209,alfa.20140122,99523633,alfa insurance,1,0.1,3.96,0.1
Qts2Cmp.Brands.Broad.2.20140122,13494880049,selective.20140122,280094913,selective auto insurance,2.45,0.1,5.39,0.1
Qts2Cmp.Brands.Broad.5.20140122,13494899249,accc insurance company.20140122,12566102,accc,3,0.1,4.08,0.1
Qts2Cmp.StateFarm,14504180369,state farm.20140122,139382335,state farm quote,0.5,0.1,5.79,0.1
Qts2Cmp.Brands.Broad.2.20140122,13494872609,21st century.20140122,70802651,century 21 insurance,0.8,0.1,6.13,0.1
Qts2Cmp.Brands.Exact.1.20131123,14482952249,ameriprise,1337067592,ameriprise auto insurance,1.3,0.1,22.39,0.1
Qts2Cmp.Brands.Exact.1.20131123,14502296489,esurance.20131210,99693463,esurance insurance,1.34,0.1,14.18,0.1
Qts2Cmp.Brands.Broad.2.20140122,13494877529,metlife.20140122,33629762,metlife auto insurance,1.60,0.1,16.77,0.1
Qts2Cmp.TOM.Exact.1.20131211,13208023409,auto insurance quotes.20131211,11875511,insurance quote,1.74,0.1,11.2,0.1
Qts2Cmp.TOM.Broad.1.20140122,13494908129,auto insurance quotes.20140122,104064198,autos insurance quotes,2.02,0.1,10.25,0.1
Qts2Cmp.Brands.Exact.1.20131123,12919422089,general.20131123,124049989,the general insurance,2.35,0.1,10.06,0.1
Qts2Cmp.StateFarm,14504179649,statefarm.exact.20140316,2262203160,state farm insurance online quote,2.61,0.1,15.05,0.1
Qts2Cmp.StateFarm,14504179649,statefarm.exact.20140316,2262203160,state farm insurance online quote,2.61,0.1,15.05,0.1
Qts2Cmp.Brands.Broad.1.20140122,13494869609,us agencies.20140122,334482948,us agency car insurance,2.61,0.1,10.63,0.1
Qts2Cmp.StateFarm,14504179649,statefarm.exact.20140316,304416276,statefarm quote,2.71,0.1,7.66,0.1
Qts2Cmp.Brands.Exact.1.20131123,12919422689,look.20131123,321331728,look car insurance,2.73,0.1,10.92,0.1
Qts2Cmp.Brands.Broad.1.20140122,13494866969,costco .20140122,5398650870,costco insurance auto,2.98,0.1,8.3,0.1
Qts2Cmp.Geico,14504176769,geico.broad.20140316,26316770,geico quote,3,0.1,7.89,0.1
Qts2Cmp.LibertyMutual,14504181449,liberty.20131123,324080946,liberty mutual insurance quote,3,0.1,9.11,0.1
Qts2Cmp.TOM.Broad.1.20140122,13494909329,family auto insurance.20140122,139577695,family auto insurance,3,0.1,8.49,0.1
Qts2Cmp.Brands.Broad.4.20140122,13494889529,state auto.20140122,18723291,allstate car insurance,3,0.1,7.63,0.1
Qts2Cmp.Brands.Exact.1.20131123,14479615529,21st century,560997455,21st century quote,3,0.1,6.87,0.1
Qts2Cmp.Brands.Broad.1.20140122,13494868049,farm bureau.20140122,47714371,farm bureau auto insurance,3,0.1,7.44,0.1
Qts2Cmp.Brands.Broad.1.20140122,13494868049,farm bureau.20140122,47714371,farm bureau auto insurance,3,0.1,7.44,0.1
Qts2Cmp.Brands.Broad.2.20140122,13494879809,safeway.20140122,100594356,safeway car insurance,3,0.1,6.84,0.1
Qts2Cmp.Brands.Broad.2.20140122,13494872609,21st century.20140122,34052622,21 century auto,3,0.1,8.17,0.1
Qts2Cmp.Brands.Broad.2.20140122,13494872609,21st century.20140122,34052622,21 century auto,3,0.1,8.17,0.1
Qts2Cmp.Brands.Exact.1.20131123,14500247609,aaa,142541336,triple a car insurance,3,0.1,6.66,0.1
Qts2Cmp.Brands.Exact.1.20131123,14500247609,aaa,142541336,triple a car insurance,3,0.1,6.66,0.1
Qts2Cmp.Brands.Exact.1.20131123,12919422809,meemic.20131123,635531285,meemic insurance,3,0.1,6.99,0.1
Qts2Cmp.Brands.Exact.1.20131123,12919422809,meemic.20131123,635531285,meemic insurance,3,0.1,6.99,0.1
Qts2Cmp.Brands.Broad.1.20140122,13494868289,freeway .20140122,1582540779,freeway insurance quote,3,0.1,6.46,0.1
Qts2Cmp.Brands.Broad.1.20140122,13494868289,freeway .20140122,1582540779,freeway insurance quote,3,0.1,6.46,0.1
Qts2Cmp.Brands.Exact.1.20131123,13202825609,bristol west.20131210,90925636,bristolwest,3,0.1,4.9,0.1
Qts2Cmp.Brands.Exact.1.20131123,13202825609,bristol west.20131210,90925636,bristolwest,3,0.1,4.9,0.1
Qts2Cmp.Brands.Exact.1.20131123,12919422809,meemic.20131123,635556605,meemic,3,0.1,4.42,0.1
Qts2Cmp.Brands.Exact.1.20131123,12919422809,meemic.20131123,635556605,meemic,3,0.1,4.42,0.1
Qts2Cmp.TOM.Broad.1.20140122,13494908849,cheaper auto insurance.20140122,16059653,cheaper auto insurance,3,0.1,3.8,0.1
Qts2Cmp.TOM.Broad.1.20140122,13494908849,cheaper auto insurance.20140122,16059653,cheaper auto insurance,3,0.1,3.8,0.1
Qts2Cmp.Brands.Exact.1.20131123,12919421849,fred loya.20131123,99695923,fred loya insurance,1,0.1,14.47,0.1
Qts2Cmp.Brands.Broad.1.20140122,13494867329,dairyland .20140122,100625936,dairyland car insurance,1.05,0.1,10.41,0.1
Qts2Cmp.Brands.Broad.1.20140122,13494868529,insure one.20140122,123618074,insure one,1.3,0.1,8.05,0.1
Qts2Cmp.Geico,14504176049,geico.exact.20140316,25933840,geico car insurance,1.48,0.1,8.83,0.1
Qts2Cmp.Brands.Broad.1.20140122,13494867689,ensure.20140122,132927520,ensure vs insure,1.73,0.1,13.61,0.1
Qts2Cmp.Brands.Broad.2.20140122,13494872729,ace group.20140122,58772528,ace insurance,2.47,0.1,7.65,0.1
Qts2Cmp.LibertyMutual,14504181449,liberty.20131123,343775508,liberty mutual car insurance quote,2.85,0.1,6.77,0.1
Qts2Cmp.Geico,14504176049,geico.exact.20140316,287792311,geico quotes,3,0.1,4.58,0.1
Qts2Cmp.StateFarm,14504180369,state farm.20140122,367608870,state farm free quote,3,0.1,4.42,0.1
Qts2Cmp.Brands.Broad.1.20140122,13494870209,muncie.20140122,313967403,muncie insurance,0.8,0.1,18.23,0.1
Qts2Cmp.Brands.Broad.1.20140122,13494868409,general.20140122,39496142,the general,0.8,0.1,6.73,0.1
Qts2Cmp.Brands.Broad.1.20140122,13494869369,ocean harbor.20140122,1060516985,ocean harbor casualty,3,0.1,4.24,0.1
Qts2Cmp.Brands.Broad.1.20140122,13494869369,ocean harbor.20140122,1060516985,ocean harbor casualty,3,0.1,4.24,0.1
Qts2Cmp.Brands.Exact.1.20131123,14500247609,aaa,418213706,triple aaa,1,0.1,7.27,0.1
Qts2Cmp.Geico,14504176769,geico.broad.20140316,3608460093,geico online quote,1.50,0.1,6.81,0.1
Qts2Cmp.StateFarm,14504179649,statefarm.exact.20140316,304415886,statefarm insurance quote,0.8,0.1,8.18,0.1
Qts2Cmp.Brands.Exact.1.20131123,14502296969,usaa.20131210,57001546,usaa,1.3,0.1,8.49,0.1
Qts2Cmp.TOM.Broad.1.20140122,13494909209,compare multiple quotes.20140122,30297481,multiple auto insurance quotes,0.5,0.1,11.12,0.1
Qts2Cmp.Brands.Broad.1.20140122,14504158769,metropolitan,313938903,metro insurance,0.8,0.1,7.41,0.1
Qts2Cmp.LibertyMutual,14504181209,liberty.20140122,618490745,mutual liberty,1,0.1,2.94,0.1
Qts2Cmp.Brands.Exact.1.20131123,14483175329,infinity insurance,42822886,infinity insurance,0.5,0.1,7.27,0.1
Qts2Cmp.Brands.Broad.4.20140122,14483301449,enumclaw insurance,284660827,mutual of enumclaw,0.8,0.1,7.19,0.1
Qts2Cmp.LibertyMutual,14504181209,liberty.20140122,14401812,liberty mutual insurance company,0.8,0.1,5.33,0.1
Qts2Cmp.StateFarm,14504180369,state farm.20140122,58772508,statefarm insurance,1.10,0.1,4.65,0.1
Qts2Cmp.StateFarm,14504180369,state farm.20140122,12728240,state farm insurance quote,0.8,0.1,2.98,0.1
Qts2Cmp.Brands.Broad.1.20140122,13494869369,ocean harbor.20140122,490569350,ocean harbor insurance,1,0.1,1.74,0.1
Qts2Cmp.Brands.Exact.1.20131123,12919422689,look.20131123,1479469032,look insurance quote,0.5,0.1,5.95,0.1
Qts2Cmp.Brands.Broad.4.20140122,13494889529,state auto.20140122,91036177,triple aaa,1,0.1,10.21,0.1
Qts2Cmp.Brands.Broad.1.20140122,13494866969,costco .20140122,4456018397,costco auto insurance quote,3,0.1,5.17,0.1
Qts2Cmp.Brands.Broad.1.20140122,13494867449,del toro.20140122,18281691,el toro,3,0.1,5.13,0.1
Qts2Cmp.Brands.Exact.1.20131123,14502296489,esurance.20131210,61635888,esurance auto insurance,0.5,0.1,13.37,0.1
Qts2Cmp.Brands.Broad.1.20140122,13494869969,frankenmuth.20140122,1291676026,frankenmuth auto insurance,0.5,0.1,3.19,0.1
Qts2Cmp.Brands.Exact.1.20131123,12919421969,freeway .20131123,435488944,freeway insurance,0.8,0.1,7.77,0.1
Qts2Cmp.Brands.Broad.1.20140122,13494867329,dairyland .20140122,724681548,dairy land,1.63,0.1,5.15,0.1
Qts2Cmp.Brands.Broad.5.20140122,13494899249,accc insurance company.20140122,5912976506,accc auto insurance,0.5,0.1,8.43,0.1
Qts2Cmp.Brands.Broad.1.20140122,13494870089,bristol west.20140122,1770422805,bristol west insurance quote,0.8,0.1,4.5,0.1
Qts2Cmp.Brands.Broad.4.20140122,13494888929,titan insurance.20140122,66812040,titan insurance,0.8,0.1,2.72,0.1
Qts2Cmp.Geico,14504176049,geico.exact.20140316,178724079,geiko,1,0.1,4.19,0.1
Qts2Cmp.Geico,14504176769,geico.broad.20140316,17711741,geico insurance,0.8,0.1,4.17,0.1
Qts2Cmp.Brands.Exact.1.20131123,14479616009,wawanesa,99713503,wawanesa car insurance,0.5,0.1,11.44,0.1
Qts2Cmp.StateFarm,14504180369,state farm.20140122,44624038720,state farm insurance quote online auto,0.8,0.1,3.28,0.1
Qts2Cmp.Brands.Broad.5.20140122,13494899249,accc insurance company.20140122,7665289245,accc insurance company,0.5,0.1,3.99,0.1
Qts2Cmp.TOM.Exact.1.20131211,13208023769,car insurance quotes.20131211,11847391,car insurance quotes,0.5,0.1,18.4,0.1
Qts2Cmp.Brands.Broad.4.20140122,13494887729,njm.20140122,14039880,new jersey manufacturers,0.5,0.1,3.54,0.1
Qts2Cmp.Brands.Broad.4.20140122,13494889529,state auto.20140122,15741597,aarp auto insurance quote,0.5,0.1,10.91,0.1
Qts2Cmp.Brands.Broad.1.20140122,13494867689,ensure.20140122,15836981,ensure,0.5,0.1,0.7,0.1
Qts2Cmp.Brands.Broad.4.20140122,13494889889,direct insurance.20140122,18189250,direct insurance,0.5,0.1,1.39,0.1
Qts2Cmp.Brands.Broad.4.20140122,13494890609,insure.20140122,18513670,insure,0.5,0.1,1.18,0.1
Qts2Cmp.Brands.Broad.2.20140122,13494879689,safeco.20140122,19959123,safeco insurance,0.5,0.1,2.99,0.1
Qts2Cmp.Brands.Broad.4.20140122,13494888929,titan insurance.20140122,20894351,titan auto insurance,0.5,0.1,3.27,0.1
Qts2Cmp.Brands.Broad.2.20140122,13494881129,usaa.20140122,20894421,usaa auto insurance,0.5,0.1,4.97,0.1
Qts2Cmp.Brands.Broad.1.20140122,13494867809,erie.20140122,21490670,erie auto insurance,0.5,0.1,7.25,0.1
Qts2Cmp.Brands.Exact.1.20131123,12919422929,nationwide.20131123,27165100,nationwide insurance,0.5,0.1,15.78,0.1
Qts2Cmp.StateFarm,14504180369,state farm.20140122,33406142,state farms,0.5,0.1,1.16,0.1
Qts2Cmp.Brands.Broad.1.20140122,13494866849,amica.20140122,33541860,amica,0.5,0.1,6.86,0.1
Qts2Cmp.Brands.Broad.1.20140122,13494866849,amica.20140122,35611210,amica mutual,0.5,0.1,1.21,0.1
Qts2Cmp.Brands.Exact.1.20131123,12919422089,general.20131123,44682162,general,0.5,0.1,10.74,0.1
Qts2Cmp.Brands.Broad.2.20140122,13494872609,21st century.20140122,49606823,21st auto insurance,0.5,0.1,4.85,0.1
Qts2Cmp.Brands.Broad.2.20140122,13494879809,safeway.20140122,54685106,safeway insurance,0.5,0.1,1.15,0.1
Qts2Cmp.Brands.Exact.1.20131123,14500247609,aaa,61658808,triple a auto insurance,0.5,0.1,8.57,0.1
Qts2Cmp.Brands.Exact.1.20131123,12919420649,costco .20131123,61685108,costco car insurance,0.5,0.1,6.34,0.1
Qts2Cmp.Brands.Broad.1.20140122,13494870089,bristol west.20140122,62885340,bristol west,0.5,0.1,2.92,0.1
Qts2Cmp.Brands.Exact.1.20131123,14502296969,usaa.20131210,89191243,usaa insurance,0.5,0.1,8.77,0.1
Qts2Cmp.Brands.Broad.1.20140122,13494870089,bristol west.20140122,90182076,bristolwest,0.5,0.1,4.28,0.1
Qts2Cmp.Brands.Exact.1.20131123,13202825609,bristol west.20131210,90925556,bristol west,0.5,0.1,4.03,0.1
Qts2Cmp.Brands.Broad.2.20140122,13494872489,auto owners.20140122,96185535,autoowners,0.5,0.1,2.26,0.1
Qts2Cmp.Brands.Exact.1.20131123,14483175329,infinity insurance,99458823,infinity car insurance,0.5,0.1,9.8,0.1
Qts2Cmp.Brands.Broad.2.20140122,13494876089,guide one.20140122,100305549,guide one,0.5,0.1,2.34,0.1
Qts2Cmp.Brands.Broad.2.20140122,13494876089,guide one.20140122,100305569,guideone,0.5,0.1,2.54,0.1
Qts2Cmp.Brands.Broad.2.20140122,13494873209,alfa.20140122,100603716,alfa auto insurance,0.5,0.1,4.56,0.1
Qts2Cmp.Brands.Broad.2.20140122,13494876569,hastings mutual.20140122,100623136,hastings car insurance,0.5,0.1,2.07,0.1
Qts2Cmp.Brands.Broad.1.20140122,13494868289,freeway .20140122,106570038,freeway auto,0.5,0.1,4.17,0.1
Qts2Cmp.Brands.Broad.4.20140122,13494887729,njm.20140122,126915316,nj manufacturers insurance,0.5,0.1,3.28,0.1
Qts2Cmp.LibertyMutual,14504181449,liberty.20131123,139856563,libertymutual,0.5,0.1,5.41,0.1
Qts2Cmp.Brands.Broad.2.20140122,13494873809,arbella.20140122,196483316,arbella insurance,0.5,0.1,2.04,0.1
Qts2Cmp.Brands.Broad.4.20140122,13494887729,njm.20140122,233583934,njm auto insurance,0.5,0.1,4.33,0.1
Qts2Cmp.Brands.Broad.2.20140122,13494875969,grinnell.20140122,249676644,grinnell insurance,0.5,0.1,2.54,0.1
Qts2Cmp.Brands.Broad.2.20140122,13494876569,hastings mutual.20140122,262271467,hastings mutual insurance,0.5,0.1,3.08,0.1
Qts2Cmp.StateFarm,14504179649,statefarm.exact.20140316,305022906,state farm quotes,0.5,0.1,5.07,0.1
Qts2Cmp.Brands.Broad.1.20140122,13494867089,cotton states.20140122,313505583,cotton state insurance,0.5,0.1,2.25,0.1
Qts2Cmp.Brands.Broad.1.20140122,13494866969,costco .20140122,334495128,costco insurance car,0.5,0.1,3.51,0.1
Qts2Cmp.Brands.Broad.4.20140122,13494889529,state auto.20140122,359710316,triple a insurance,0.5,0.1,20.45,0.1
Qts2Cmp.StateFarm,14504180369,state farm.20140122,367608870,state farm free quote,0.5,0.1,2.34,0.1
Qts2Cmp.Brands.Broad.1.20140122,13494867209,countrywide.20140122,392566984,country wide car insurance,0.5,0.1,4.46,0.1
Qts2Cmp.Brands.Broad.1.20140122,13494867209,countrywide.20140122,392584474,countrywide car insurance,0.5,0.1,3.94,0.1
Qts2Cmp.Brands.Broad.2.20140122,13494876089,guide one.20140122,392595484,guide one car insurance,0.5,0.1,1.26,0.1
Qts2Cmp.Brands.Broad.2.20140122,13494874049,bear river.20140122,392668054,bear river mutual car insurance,0.5,0.1,2.91,0.1
Qts2Cmp.Brands.Broad.2.20140122,13494873809,arbella.20140122,419280146,arbella car insurance,0.5,0.1,1.74,0.1
Qts2Cmp.Brands.Broad.2.20140122,13494879089,plymouth rock.20140122,437446948,plymouth rock insurance,0.5,0.1,7.27,0.1
Qts2Cmp.Brands.Broad.2.20140122,13494881129,usaa.20140122,447492061,usaa quote,0.5,0.1,8.88,0.1
Qts2Cmp.Brands.Broad.2.20140122,13494877769,middlesex.20140122,476688415,middlesex car insurance,0.5,0.1,1.59,0.1
Qts2Cmp.Brands.Exact.1.20131123,12919423049,ocean harbor.20131123,533904873,ocean harbor auto insurance,0.5,0.1,9.47,0.1
Qts2Cmp.Brands.Broad.2.20140122,13494876089,guide one.20140122,635565185,guideone auto insurance,0.5,0.1,3.36,0.1
Qts2Cmp.Brands.Exact.1.20131123,12919422809,meemic.20131123,635597435,meemic car insurance,0.5,0.1,2.95,0.1
Qts2Cmp.Brands.Broad.2.20140122,13494872609,21st century.20140122,640014878,21 century quote,0.5,0.1,6.21,0.1
Qts2Cmp.Brands.Broad.1.20140122,13494868409,general.20140122,669238142,the general insurance quote,0.5,0.1,1.41,0.1
Qts2Cmp.Brands.Broad.1.20140122,13494867929,estrella.20140122,706639174,estrella insurance,0.5,0.1,4.42,0.1
Qts2Cmp.Brands.Broad.1.20140122,13494866729,aggressive.20140122,744549484,aggressive insurance,0.5,0.1,2.17,0.1
Qts2Cmp.Brands.Broad.2.20140122,13494880769,union mutual.20140122,744634474,union mutual insurance,0.5,0.1,1.1,0.1
Qts2Cmp.Brands.Broad.2.20140122,13494874049,bear river.20140122,744654934,bear river mutual insurance,0.5,0.1,2.85,0.1
Qts2Cmp.Brands.Broad.1.20140122,13494868169,fred loya.20140122,744823054,loya insurance,0.5,0.1,3.93,0.1
Qts2Cmp.Brands.Broad.4.20140122,13494887849,pronto insurance.20140122,744886564,pronto insurance,0.5,0.1,2.08,0.1
Qts2Cmp.Brands.Exact.1.20131123,12919423049,ocean harbor.20131123,904005337,ocean harbor,0.5,0.1,1.33,0.1
Qts2Cmp.Brands.Broad.4.20140122,13494887729,njm.20140122,915873023,njm insurance,0.5,0.1,4.22,0.1
Qts2Cmp.Brands.Broad.1.20140122,13494868049,farm bureau.20140122,1536955674,farm bureau insurance tn,0.5,0.1,6.99,0.1
Qts2Cmp.Brands.Exact.1.20131123,14482952249,ameriprise,1768119902,ameriprise insurance,0.5,0.1,4.22,0.1
Qts2Cmp.Brands.Exact.1.20131123,12919420169,acceptance.20131123,1768444682,first acceptance insurance,0.5,0.1,4.19,0.1
Qts2Cmp.Brands.Broad.1.20140122,13494867209,countrywide.20140122,1809657960,countrywide insurance ny,0.5,0.1,6.17,0.1
Qts2Cmp.Brands.Broad.1.20140122,13494869969,frankenmuth.20140122,2133997707,frankenmuth car insurance,0.5,0.1,4.63,0.1
Qts2Cmp.Brands.Broad.2.20140122,13494880529,traverlers.20140122,2505108061,traverlers insurance,0.5,0.1,2.07,0.1
Qts2Cmp.Brands.Broad.2.20140122,13494872849,acuity.20140122,2621822344,acuity auto insurance,0.5,0.1,5.18,0.1
Qts2Cmp.Brands.Broad.1.20140122,13494867449,del toro.20140122,2629558955,toro insurance,0.5,0.1,3.04,0.1
Qts2Cmp.Brands.Broad.1.20140122,13494869009,look.20140122,2942561265,look insurance mi,0.5,0.1,2.86,0.1
Qts2Cmp.Brands.Broad.1.20140122,13494868769,la.20140122,3094963005,lainsurance,0.5,0.1,3.15,0.1
Qts2Cmp.Brands.Broad.1.20140122,13494867449,del toro.20140122,6232187445,del toro auto insurance,0.5,0.1,2.48,0.1
Qts2Cmp.Brands.Broad.1.20140122,13494869009,look.20140122,11398237800,look auto insurance michigan,0.5,0.1,3.95,0.1
Qts2Cmp.Brands.Broad.2.20140122,13494874769,direct general.20140122,16382634238,direct general quotes,0.5,0.1,6.06,0.1
Qts2Cmp.Brands.Broad.2.20140122,13494880049,selective.20140122,17971852942,selective quotes,0.5,0.1,2.85,0.1
Qts2Cmp.Brands.Exact.1.20131123,14482952249,ameriprise,20251735496,ameriprise costco,0.5,0.1,3.45,0.1
Qts2Cmp.Brands.Broad.1.20140122,13494868529,insure one.20140122,27326921153,insure one quote,0.5,0.1,16.91,0.1
Qts2Cmp.Brands.Broad.1.20140122,13494868169,fred loya.20140122,27718129313,fred loya quote,0.5,0.1,6.74,0.1
Qts2Cmp.Brands.Broad.1.20140122,13494869369,ocean harbor.20140122,81049805129,ocean harbor quote,0.5,0.1,3.25,0.1
Qts2Cmp.Brands.Broad.2.20140122,13494877529,metlife.20140122,10036753,metlife insurance,0.5,0.1,18.24,0.1
Qts2Cmp.Brands.Broad.1.20140122,13494869729,usa insurance.20140122,10550390,usa insurance,0.5,0.1,1.94,0.1
Qts2Cmp.Brands.Broad.4.20140122,13494889529,state auto.20140122,10893011,allstate insurance,0.5,0.1,6.63,0.1
Qts2Cmp.Brands.Broad.2.20140122,13494872249,mercury.20140122,14425180,mercury insurance,0.5,0.1,3.08,0.1
Qts2Cmp.Brands.Broad.2.20140122,13494872489,auto owners.20140122,16996091,auto owners,0.5,0.1,0.77,0.1
Qts2Cmp.Brands.Exact.1.20131123,14479615529,21st century,21491340,21st century insurance,0.5,0.1,6.53,0.1
Qts2Cmp.Brands.Exact.1.20131123,12919420529,amica.20131123,42819626,amica insurance,0.5,0.1,5.33,0.1
Qts2Cmp.Brands.Broad.2.20140122,13494872489,auto owners.20140122,95199750,autoowners insurance,0.5,0.1,3.72,0.1
Qts2Cmp.Brands.Broad.2.20140122,13494876809,horace mann.20140122,100597936,horace mann insurance,0.5,0.1,2.39,0.1
Qts2Cmp.Brands.Broad.4.20140122,13494889529,state auto.20140122,100600276,aflac auto insurance,0.5,0.1,7.1,0.1
Qts2Cmp.Brands.Broad.2.20140122,13494876569,hastings mutual.20140122,103751291,hastings insurance,0.5,0.1,2.61,0.1
Qts2Cmp.LibertyMutual,14504181449,liberty.20131123,112320644,liberty national insurance,0.5,0.1,5.64,0.1
Qts2Cmp.Brands.Broad.1.20140122,13494869489,premier.20140122,119047829,premier insurance,0.5,0.1,2.33,0.1
Qts2Cmp.Brands.Broad.1.20140122,14504158769,metropolitan,122685332,metropolitan ins,0.5,0.1,4.02,0.1
Qts2Cmp.Brands.Broad.2.20140122,13494874049,bear river.20140122,138372836,bear river insurance,0.5,0.1,5.07,0.1
Qts2Cmp.Brands.Broad.2.20140122,13494879689,safeco.20140122,193419256,safeco auto insurance quote,0.5,0.1,13.65,0.1
Qts2Cmp.Brands.Broad.4.20140122,13494887729,njm.20140122,241995674,new jersey manufacturers auto insurance,0.5,0.1,3.75,0.1
Qts2Cmp.Brands.Broad.2.20140122,13494874409,commerce west.20140122,321498168,commerce west car insurance,0.5,0.1,3.68,0.1
Qts2Cmp.Brands.Exact.1.20131123,13202825609,bristol west.20131210,440900866,bristol insurance,0.5,0.1,6.38,0.1
Qts2Cmp.Brands.Broad.4.20140122,13494889409,american independent insurance.20140122,443206024,american independent insurance,0.5,0.1,2.5,0.1
Qts2Cmp.Brands.Broad.2.20140122,13494876329,harleysville.20140122,635563835,harleysville auto insurance,0.5,0.1,6.16,0.1
Qts2Cmp.StateFarm,14504180369,state farm.20140122,727254772,statefarm quote,0.5,0.1,2.12,0.1
Qts2Cmp.Brands.Broad.1.20140122,13494869369,ocean harbor.20140122,1066032849,ocean harbor auto insurance,0.5,0.1,1.82,0.1
Qts2Cmp.Brands.Broad.1.20140122,13494867329,dairyland .20140122,1066032879,dairy land auto insurance,0.5,0.1,5.28,0.1
Qts2Cmp.Brands.Broad.1.20140122,13494867329,dairyland .20140122,1502180727,dairyland insurance quote,0.5,0.1,8.21,0.1
Qts2Cmp.Brands.Exact.1.20131123,12919422809,meemic.20131123,1768568042,memic insurance,0.5,0.1,1.96,0.1
Qts2Cmp.Geico,14504176769,geico.broad.20140316,1864273606,free geico quote,0.5,0.1,3.84,0.1
Qts2Cmp.StateFarm,14504180369,state farm.20140122,2247122760,state farm insurance online quote,0.5,0.1,3.13,0.1
Qts2Cmp.Brands.Broad.1.20140122,13494866969,costco .20140122,14681613875,ameriprise insurance costco,0.5,0.1,5.6,0.1
Qts2Cmp.Brands.Broad.2.20140122,13494873449,american family.20140122,17206520,american family insurance,0.5,0.1,2.45,0.1
Qts2Cmp.Brands.Exact.1.20131123,14500247609,aaa,19563851,aaa,0.5,0.1,4.41,0.1
Qts2Cmp.Brands.Broad.2.20140122,13494875729,gmac.20140122,20706883,gmac car insurance,0.5,0.1,2.03,0.1
Qts2Cmp.Brands.Broad.1.20140122,13494867809,erie.20140122,21255350,erie insurance,0.5,0.1,5.26,0.1
Qts2Cmp.Brands.Broad.1.20140122,13494866849,amica.20140122,47702411,amica insurance,0.5,0.1,5.92,0.1
Qts2Cmp.Brands.Broad.1.20140122,13494867329,dairyland .20140122,47704491,dairyland auto insurance,0.5,0.1,4.22,0.1
Qts2Cmp.Brands.Exact.1.20131123,14500247609,aaa,99788063,triple aaa auto insurance,0.5,0.1,15.32,0.1
Qts2Cmp.Brands.Broad.2.20140122,13494874169,chubb.20140122,100603996,chubb auto insurance,0.5,0.1,5.83,0.1
Qts2Cmp.Brands.Broad.1.20140122,13494868289,freeway .20140122,100771443,freeway insurance,0.5,0.1,5.94,0.1
Qts2Cmp.Brands.Exact.1.20131123,14483352329,enumclaw insurance,313763253,enumclaw insurance,0.5,0.1,2.83,0.1
Qts2Cmp.Brands.Broad.4.20140122,13494890729,pilgrim insurance.20140122,744875884,pilgrim insurance,0.5,0.1,0.8,0.1
Qts2Cmp.Brands.Broad.1.20140122,13494868169,fred loya.20140122,811495707,fred loya auto insurance,0.5,0.1,6.66,0.1
Qts2Cmp.Brands.Broad.1.20140122,13494866609,adriana.20140122,1594682826,adriana's insurance,0.5,0.1,2.66,0.1
Qts2Cmp.TOM.Exact.1.20131211,13208023409,auto insurance quotes.20131211,11875521,insurance quotes,0.5,0.1,15.7,0.1
Qts2Cmp.Brands.Exact.1.20131123,12919421729,farm bureau.20131123,112048012,farm bureau,0.5,0.1,6.6,0.1
Qts2Cmp.LibertyMutual,14504181449,liberty.20131123,112320624,liberty insurance company,0.5,0.1,2.98,0.1
Qts2Cmp.LibertyMutual,14504181449,liberty.20131123,655838523,mutual liberty,0.5,0.1,0.67,0.1
Qts2Cmp.Brands.Broad.2.20140122,13494877529,metlife.20140122,20894121,metlife,0.5,0.1,8.45,0.1
Qts2Cmp.StateFarm,14504180369,state farm.20140122,88001052,statefarm auto insurance,0.5,0.1,2.43,0.1
Qts2Cmp.Brands.Broad.1.20140122,14504163329,federated insurance,99528373,federated insurance company,0.5,0.1,4.84,0.1
Qts2Cmp.Brands.Broad.4.20140122,13494888929,titan insurance.20140122,100598776,titan car insurance,0.5,0.1,4.28,0.1
Qts2Cmp.Brands.Broad.5.20140122,13494899249,accc insurance company.20140122,12566102,accc,0.5,0.1,0.1,0.1
Qts2Cmp.Brands.Broad.1.20140122,13494870089,bristol west.20140122,38574641,bristol insurance,0.5,0.1,0.1,0.1
Qts2Cmp.Brands.Broad.1.20140122,13494867329,dairyland .20140122,724679898,dairy land insurance,0.5,0.1,0.1,0.1
Qts2Cmp.Brands.Broad.1.20140122,13494868289,freeway .20140122,3788881169,free way insurance,0.5,0.1,0.1,0.1
Qts2Cmp.Brands.Broad.2.20140122,13494876329,harleysville.20140122,308566323,harleysville insurance company,0.5,0.1,0.1,0.1
Qts2Cmp.StateFarm,14504179649,statefarm.exact.20140316,254721990,statefarm car insurance,0.5,0.1,0.1,0.1
