Qts2Cmp.Mobile.Geico,14608622129,geico.exact.20140316,25933820,geico insurance,0.50,0.10,2.91,0.10
Qts2Cmp.Brands.Broad.1,13494869369,ocean harbor.20140122,1066032849,ocean harbor auto insurance,0.50,0.10,0.81,0.10
Qts2Cmp.Brands.Broad.2,13494876329,harleysville.20140122,308566323,harleysville insurance company,0.50,0.10,3.26,0.10
Qts2Cmp.Brands.Broad.2,13494876569,hastings mutual.20140122,262271467,hastings mutual insurance,0.50,0.10,3.15,0.10
Qts2Cmp.Brands.Exact.1,14483352329,enumclaw insurance,313763253,enumclaw insurance,0.50,0.10,2.53,0.10
Qts2Cmp.Brands.Broad.1,14504163329,federated insurance,99528373,federated insurance company,0.50,0.10,4.26,0.10
Qts2Cmp.Mobile.Brands.Broad.2,14608691489,safeway.20140122,100616756,safeway auto insurance,0.50,0.10,3.16,0.10
Qts2Cmp.Brands.Broad.1,13494867329,dairyland .20140122,724679898,dairy land insurance,0.50,0.10,4.69,0.10
Qts2Cmp.Brands.Broad.2,13494872489,auto owners.20140122,95199750,autoowners insurance,0.50,0.10,3.05,0.10
Qts2Cmp.Brands.Broad.2,13494876089,guide one.20140122,100305549,guide one,0.50,0.10,1.85,0.10
Qts2Cmp.Brands.Broad.2,13494876089,guide one.20140122,100305569,guideone,0.50,0.10,1.24,0.10
Qts2Cmp.Brands.Broad.2,13494876569,hastings mutual.20140122,103751291,hastings insurance,0.50,0.10,2.25,0.10
Qts2Cmp.Brands.Broad.2,13494877529,metlife.20140122,20894121,metlife,0.50,0.10,8.10,0.10
Qts2Cmp.Brands.Broad.2,13494880769,union mutual.20140122,744634474,union mutual insurance,0.50,0.10,0.57,0.10
Qts2Cmp.Brands.Broad.2,13494881129,usaa.20140122,447492061,usaa quote,0.50,0.10,6.80,0.10
Qts2Cmp.Brands.Broad.4,13494890729,pilgrim insurance.20140122,744875884,pilgrim insurance,0.50,0.10,0.82,0.10
Qts2Cmp.Mobile.Brands.Exact.1,14608678049,dairyland .20131123,1057557333,dairyland auto,0.50,0.10,4.14,0.10
Qts2Cmp.Mobile.Brands.Broad.2,14608683929,21st century.20140122,70802651,century 21 insurance,0.50,0.10,4.70,0.10
Qts2Cmp.Brands.Exact.1,12919421729,farm bureau.20131123,112048012,farm bureau,0.50,0.10,6.09,0.10
Qts2Cmp.Brands.Broad.1,13494870089,bristol west.20140122,90182076,bristolwest,0.50,0.10,3.77,0.10
Qts2Cmp.Brands.Broad.2,13494872249,mercury.20140122,14425180,mercury insurance,0.50,0.10,2.57,0.10
Qts2Cmp.Brands.Broad.2,13494875969,grinnell.20140122,249676644,grinnell insurance,0.50,0.10,1.93,0.10
Qts2Cmp.Brands.Broad.2,13494879809,safeway.20140122,54685106,safeway insurance,0.50,0.10,0.62,0.10
Qts2Cmp.Brands.Broad.2,13494881489,wawanesa.20140122,58772568,wawanesa insurance,0.50,0.10,2.36,0.10
Qts2Cmp.Brands.Broad.4,13494887729,njm.20140122,915873023,njm insurance,0.50,0.10,3.08,0.10
Qts2Cmp.Brands.Broad.4,14483301449,enumclaw insurance,313757433,enumclaw insurance,0.50,0.10,6.03,0.10
Qts2Cmp.Mobile.Geico,14608622129,geico.exact.20140316,43275582,geico insurance quote,0.50,0.10,2.23,0.10
Qts2Cmp.Mobile.Brands.Exact.1,14608680209,nationwide.20131123,27165100,nationwide insurance,0.50,0.10,8.60,0.10
Qts2Cmp.Mobile.Brands.Exact.1,14608683449,usaa.20131210,57001546,usaa,0.50,0.10,5.17,0.10
Qts2Cmp.TOM.Exact.1,13208023409,auto insurance quotes.20131211,11875521,insurance quotes,0.50,0.10,15.70,0.10
Qts2Cmp.Brands.Broad.1,13494866849,amica.20140122,193418796,amica auto insurance quote,0.50,0.10,13.35,0.10
Qts2Cmp.Brands.Broad.1,13494867809,erie.20140122,21255350,erie insurance,0.50,0.10,5.05,0.10
Qts2Cmp.Brands.Broad.2,13494872489,auto owners.20140122,16996091,auto owners,0.50,0.10,0.53,0.10
Qts2Cmp.Brands.Broad.2,13494873449,american family.20140122,17206520,american family insurance,0.50,0.10,2.50,0.10
Qts2Cmp.Brands.Broad.2,13494873809,arbella.20140122,196483316,arbella insurance,0.50,0.10,1.36,0.10
Qts2Cmp.Brands.Broad.2,13494873809,arbella.20140122,255657056,arbella,0.50,0.10,2.16,0.10
Qts2Cmp.Brands.Broad.2,13494881129,usaa.20140122,21255380,usaa insurance,0.50,0.10,3.44,0.10
Qts2Cmp.Mobile.Brands.Broad.2,14608689209,metlife.20140122,20894121,metlife,0.50,0.10,7.12,0.10
Qts2Cmp.Mobile.Brands.Broad.4,14608875809,state auto.20140122,91036177,triple aaa,0.50,0.10,9.16,0.10
Qts2Cmp.Brands.Exact.1,12919422809,meemic.20131123,1768568042,memic insurance,0.50,0.10,1.28,0.10
Qts2Cmp.Brands.Exact.1,12919423049,ocean harbor.20131123,533904873,ocean harbor auto insurance,0.50,0.10,6.58,0.10
Qts2Cmp.Brands.Broad.1,13494866489,acceptance.20140122,100775223,acceptance insurance,0.50,0.10,3.40,0.10
Qts2Cmp.Brands.Broad.1,13494866489,acceptance.20140122,334424088,auto acceptance insurance,0.50,0.10,4.77,0.10
Qts2Cmp.Brands.Broad.1,13494867809,erie.20140122,21490670,erie auto insurance,0.50,0.10,6.13,0.10
Qts2Cmp.Brands.Broad.1,13494868049,farm bureau.20140122,21255430,farm bureau insurance,0.50,0.10,4.17,0.10
Qts2Cmp.Brands.Broad.2,13494872489,auto owners.20140122,96185535,autoowners,0.50,0.10,2.29,0.10
Qts2Cmp.Brands.Broad.2,13494872609,21st century.20140122,2501506488,21st century auto group,0.50,0.10,4.05,0.10
Qts2Cmp.Brands.Broad.2,13494873809,arbella.20140122,334458348,arbella auto insurance,0.50,0.10,1.76,0.10
Qts2Cmp.Brands.Broad.2,13494873809,arbella.20140122,419280146,arbella car insurance,0.50,0.10,1.29,0.10
Qts2Cmp.Brands.Broad.2,13494874049,bear river.20140122,138372836,bear river insurance,0.50,0.10,4.36,0.10
Qts2Cmp.Brands.Broad.2,13494877889,motorists.20140122,379142693,motorists insurance,0.50,0.10,2.31,0.10
Qts2Cmp.Brands.Broad.2,13494880529,traverlers.20140122,984864234,traverlers auto insurance,0.50,0.10,12.62,0.10
Qts2Cmp.Brands.Broad.4,13494889529,state auto.20140122,100600276,aflac auto insurance,0.50,0.10,4.95,0.10
Qts2Cmp.Brands.Exact.1,14479616129,alfa insurance,2327860169,alfa insurance quote,0.50,0.10,3.70,0.10
Qts2Cmp.Brands.Exact.1,14500247609,aaa,61658808,triple a auto insurance,0.50,0.10,11.53,0.10
Qts2Cmp.Brands.Exact.1,14500247609,aaa,99788063,triple aaa auto insurance,0.50,0.10,15.32,0.10
Qts2Cmp.Mobile.Geico,14608622249,geico.broad.20140316,17711791,geico auto,0.50,0.10,0.67,0.10
Qts2Cmp.Mobile.Geico,14608622249,geico.broad.20140316,26316770,geico quote,0.50,0.10,3.84,0.10
Qts2Cmp.Mobile.Brands.Broad.2,14608687289,gmac.20140122,20708883,gmac insurance,0.50,0.10,1.67,0.10
Qts2Cmp.Mobile.Brands.Broad.1,14608871009,fred loya.20140122,513175888,fred loya insurance,0.50,0.10,5.74,0.10
Qts2Cmp.Mobile.Brands.Broad.1,14608871129,freeway .20140122,100771443,freeway insurance,0.50,0.10,2.99,0.10
Qts2Cmp.Mobile.Brands.Broad.1,14608871369,insure one.20140122,123618074,insure one,0.50,0.10,5.34,0.10
Qts2Cmp.Mobile.Brands.Broad.4,14608875689,american independent insurance.20140122,443206024,american independent insurance,0.50,0.10,1.19,0.10
Qts2Cmp.Mobile.Brands.Broad.4,14608875809,state auto.20140122,359710316,triple a insurance,0.50,0.10,9.26,0.10
Qts2Cmp.Brands.Exact.1,12919422809,meemic.20131123,4225903732,memic,0.50,0.10,6.17,0.10
Qts2Cmp.TOM.Exact.1,13208023769,car insurance quotes.20131211,11847391,car insurance quotes,0.50,0.10,15.58,0.10
Qts2Cmp.Brands.Broad.1,13494867209,countrywide.20140122,392566984,country wide car insurance,0.50,0.10,4.01,0.10
Qts2Cmp.Brands.Broad.1,13494867209,countrywide.20140122,1809657960,countrywide insurance ny,0.50,0.10,6.29,0.10
Qts2Cmp.Brands.Broad.1,13494867329,dairyland .20140122,1561772499,dairyland auto,0.50,0.10,3.27,0.10
Qts2Cmp.Brands.Broad.1,13494867329,dairyland .20140122,1964397388,dairyland auto quote,0.50,0.10,3.07,0.10
Qts2Cmp.Brands.Broad.1,13494867449,del toro.20140122,6232187445,del toro auto insurance,0.50,0.10,2.54,0.10
Qts2Cmp.Brands.Broad.1,13494868169,fred loya.20140122,27718129313,fred loya quote,0.50,0.10,5.26,0.10
Qts2Cmp.Brands.Broad.1,13494868769,la.20140122,102923096,la insurance quote,0.50,0.10,3.20,0.10
Qts2Cmp.Brands.Broad.1,13494869009,look.20140122,47697331,look auto insurance,0.50,0.10,2.22,0.10
Qts2Cmp.Brands.Broad.1,13494869009,look.20140122,116659375,look insurance,0.50,0.10,1.38,0.10
Qts2Cmp.Brands.Broad.1,13494869009,look.20140122,2942561265,look insurance mi,0.50,0.10,1.45,0.10
Qts2Cmp.Brands.Broad.1,13494869969,frankenmuth.20140122,1291676026,frankenmuth auto insurance,0.50,0.10,2.69,0.10
Qts2Cmp.Brands.Broad.2,13494872609,21st century.20140122,49606823,21st auto insurance,0.50,0.10,4.71,0.10
Qts2Cmp.Brands.Broad.2,13494872849,acuity.20140122,2621822344,acuity auto insurance,0.50,0.10,4.42,0.10
Qts2Cmp.Brands.Broad.2,13494874049,bear river.20140122,744654934,bear river mutual insurance,0.50,0.10,2.04,0.10
Qts2Cmp.Brands.Broad.2,13494874169,chubb.20140122,89447876,chubb insurance,0.50,0.10,1.30,0.10
Qts2Cmp.Brands.Broad.2,13494874409,commerce west.20140122,321498168,commerce west car insurance,0.50,0.10,3.18,0.10
Qts2Cmp.Brands.Broad.2,13494875129,elephant.20140122,635566565,elephant auto insurance,0.50,0.10,4.54,0.10
Qts2Cmp.Brands.Broad.2,13494876089,guide one.20140122,392595484,guide one car insurance,0.50,0.10,0.65,0.10
Qts2Cmp.Brands.Broad.2,13494876089,guide one.20140122,635565185,guideone auto insurance,0.50,0.10,1.73,0.10
Qts2Cmp.Brands.Broad.2,13494876329,harleysville.20140122,392573044,harleysville car insurance,0.50,0.10,4.41,0.10
Qts2Cmp.Brands.Broad.2,13494876329,harleysville.20140122,635563835,harleysville auto insurance,0.50,0.10,5.66,0.10
Qts2Cmp.Brands.Broad.2,13494877529,metlife.20140122,10036753,metlife insurance,0.50,0.10,17.74,0.10
Qts2Cmp.Brands.Broad.2,13494877769,middlesex.20140122,476688415,middlesex car insurance,0.50,0.10,3.89,0.10
Qts2Cmp.Brands.Broad.2,13494879089,plymouth rock.20140122,437446948,plymouth rock insurance,0.50,0.10,6.60,0.10
Qts2Cmp.Brands.Broad.2,13494879209,preferred mutual.20140122,387326524,preferred mutual insurance,0.50,0.10,2.80,0.10
Qts2Cmp.Brands.Broad.2,13494879689,safeco.20140122,193419256,safeco auto insurance quote,0.50,0.10,13.15,0.10
Qts2Cmp.Brands.Broad.2,13494879809,safeway.20140122,1045347370,safeway auto,0.50,0.10,2.16,0.10
Qts2Cmp.Brands.Broad.2,13494880529,traverlers.20140122,2505108061,traverlers insurance,0.50,0.10,1.10,0.10
Qts2Cmp.Brands.Broad.2,13494881489,wawanesa.20140122,255179265,wawanessa,0.50,0.10,7.62,0.10
Qts2Cmp.Brands.Broad.4,13494887729,njm.20140122,126915316,nj manufacturers insurance,0.50,0.10,3.93,0.10
Qts2Cmp.Brands.Broad.4,13494887729,njm.20140122,241995674,new jersey manufacturers auto insurance,0.50,0.10,3.25,0.10
Qts2Cmp.Brands.Broad.4,13494887849,pronto insurance.20140122,3666374524,insurance pronto,0.50,0.10,1.78,0.10
Qts2Cmp.Brands.Broad.4,13494888689,magnum insurance.20140122,744619564,magnum insurance,0.50,0.10,1.32,0.10
Qts2Cmp.Brands.Broad.4,13494888929,titan insurance.20140122,20894351,titan auto insurance,0.50,0.10,2.87,0.10
Qts2Cmp.Brands.Broad.4,13494889409,american independent insurance.20140122,443206024,american independent insurance,0.50,0.10,2.00,0.10
Qts2Cmp.Brands.Broad.4,13494889529,state auto.20140122,44795473,allstate insurance quote,0.50,0.10,6.11,0.10
Qts2Cmp.Brands.Broad.4,13494889529,state auto.20140122,100615976,triple a car insurance,0.50,0.10,10.60,0.10
Qts2Cmp.Brands.Broad.4,13494890609,insure.20140122,18513670,insure,0.50,0.10,0.39,0.10
Qts2Cmp.TOM.Broad.1,13494910529,senior auto insurance.20140122,14941247,senior auto insurance,0.50,0.10,5.96,0.10
Qts2Cmp.Brands.Exact.1,14502296489,esurance.20131210,61635888,esurance auto insurance,0.50,0.10,12.87,0.10
Qts2Cmp.Brands.Exact.1,14502296489,esurance.20131210,323288011,esurance quote,0.50,0.10,4.33,0.10
Qts2Cmp.Brands.Broad.1,14504158769,metropolitan,122685332,metropolitan ins,0.50,0.10,3.52,0.10
Qts2Cmp.Geico,14504176769,geico.broad.20140316,1864273606,free geico quote,0.50,0.10,3.34,0.10
Qts2Cmp.Mobile.Geico,14608622249,geico.broad.20140316,3132007308,geico free quote,0.50,0.10,2.10,0.10
Qts2Cmp.Mobile.Brands.Exact.1,14608679849,look.20131123,1479469032,look insurance quote,0.50,0.10,3.16,0.10
Qts2Cmp.Mobile.Brands.Exact.1,14608681769,21st century,21491340,21st century insurance,0.50,0.10,9.94,0.10
Qts2Cmp.Mobile.Brands.Exact.1,14608682609,aaa,30311473,triple a,0.50,0.10,4.15,0.10
Qts2Cmp.Mobile.Brands.Broad.2,14608683929,21st century.20140122,640014878,21 century quote,0.50,0.10,2.96,0.10
Qts2Cmp.Mobile.Brands.Broad.1,14608869569,aggressive.20140122,744549484,aggressive insurance,0.50,0.10,0.57,0.10
Qts2Cmp.Mobile.Brands.Broad.1,14608870169,dairyland .20140122,47704491,dairyland auto insurance,0.50,0.10,2.67,0.10
Qts2Cmp.Mobile.Brands.Broad.1,14608871009,fred loya.20140122,484642516,fred loya,0.50,0.10,3.31,0.10
Qts2Cmp.Mobile.Brands.Broad.4,14608875809,state auto.20140122,20894321,aaa car insurance,0.50,0.10,8.02,0.10
Qts2Cmp.Brands.Exact.1,12919420169,acceptance.20131123,1112807476,acceptance auto,0.50,0.10,5.48,0.10
Qts2Cmp.Brands.Exact.1,12919420169,acceptance.20131123,1768444682,first acceptance insurance,0.50,0.10,3.69,0.10
Qts2Cmp.Brands.Exact.1,12919421729,farm bureau.20131123,308520003,farm bureau insurance florida,0.50,0.10,3.01,0.10
Qts2Cmp.Brands.Exact.1,12919422689,look.20131123,1479469032,look insurance quote,0.50,0.10,5.45,0.10
Qts2Cmp.Brands.Exact.1,12919422809,meemic.20131123,635597435,meemic car insurance,0.50,0.10,2.45,0.10
Qts2Cmp.Brands.Exact.1,12919422929,nationwide.20131123,12165061,nationwide auto insurance,0.50,0.10,29.37,0.10
Qts2Cmp.Brands.Exact.1,12919423049,ocean harbor.20131123,555225633,ocean harbor casualty,0.50,0.10,0.75,0.10
Qts2Cmp.Brands.Exact.1,12919423049,ocean harbor.20131123,904005337,ocean harbor,0.50,0.10,0.83,0.10
Qts2Cmp.Brands.Broad.1,13494866609,adriana.20140122,744552964,adrianas insurance,0.50,0.10,0.52,0.10
Qts2Cmp.Brands.Broad.1,13494866609,adriana.20140122,81049804769,adriana auto,0.50,0.10,5.74,0.10
Qts2Cmp.Brands.Broad.1,13494866969,costco .20140122,20747031133,ameriprise costco,0.50,0.10,1.53,0.10
Qts2Cmp.Brands.Broad.1,13494867089,cotton states.20140122,313505583,cotton state insurance,0.50,0.10,1.75,0.10
Qts2Cmp.Brands.Broad.1,13494867209,countrywide.20140122,14498441,countrywide,0.50,0.10,1.82,0.10
Qts2Cmp.Brands.Broad.1,13494867209,countrywide.20140122,182797863,countrywide auto insurance,0.50,0.10,3.01,0.10
Qts2Cmp.Brands.Broad.1,13494867209,countrywide.20140122,392584474,countrywide car insurance,0.50,0.10,3.44,0.10
Qts2Cmp.Brands.Broad.1,13494867209,countrywide.20140122,690982786,country-wide insurance,0.50,0.10,2.43,0.10
Qts2Cmp.Brands.Broad.1,13494867329,dairyland .20140122,68362131,dairyland,0.50,0.10,1.41,0.10
Qts2Cmp.Brands.Broad.1,13494867449,del toro.20140122,1766117835,el toro insurance,0.50,0.10,0.85,0.10
Qts2Cmp.Brands.Broad.1,13494867449,del toro.20140122,2629558955,toro insurance,0.50,0.10,2.54,0.10
Qts2Cmp.Brands.Broad.1,13494868049,farm bureau.20140122,10569953,farm bureau,0.50,0.10,3.22,0.10
Qts2Cmp.Brands.Broad.1,13494868049,farm bureau.20140122,116952480,farmbureau,0.50,0.10,5.38,0.10
Qts2Cmp.Brands.Broad.1,13494868049,farm bureau.20140122,308518893,farm bureau insurance florida,0.50,0.10,3.88,0.10
Qts2Cmp.Brands.Broad.1,13494868049,farm bureau.20140122,339204485,farm bureau insurance quote,0.50,0.10,5.11,0.10
Qts2Cmp.Brands.Broad.1,13494868049,farm bureau.20140122,1536955674,farm bureau insurance tn,0.50,0.10,6.49,0.10
Qts2Cmp.Brands.Broad.1,13494868289,freeway .20140122,106570038,freeway auto,0.50,0.10,3.67,0.10
Qts2Cmp.Brands.Broad.1,13494868409,general.20140122,278301282,genral,0.50,0.10,0.55,0.10
Qts2Cmp.Brands.Broad.1,13494868409,general.20140122,669238142,the general insurance quote,0.50,0.10,0.91,0.10
Qts2Cmp.Brands.Broad.1,13494868529,insure one.20140122,27326921153,insure one quote,0.50,0.10,16.41,0.10
Qts2Cmp.Brands.Broad.1,13494868769,la.20140122,3094963005,lainsurance,0.50,0.10,2.65,0.10
Qts2Cmp.Brands.Broad.1,13494869129,meemic.20140122,392667814,meemic car insurance,0.50,0.10,1.81,0.10
Qts2Cmp.Brands.Broad.1,13494869369,ocean harbor.20140122,158871417,ocean harbor,0.50,0.10,0.44,0.10
Qts2Cmp.Brands.Broad.1,13494869369,ocean harbor.20140122,81049805129,ocean harbor quote,0.50,0.10,2.75,0.10
Qts2Cmp.Brands.Broad.1,13494869609,us agencies.20140122,247687153,us agencies,0.50,0.10,3.63,0.10
Qts2Cmp.Brands.Broad.1,13494869609,us agencies.20140122,1353973289,usagencies,0.50,0.10,3.17,0.10
Qts2Cmp.Brands.Broad.1,13494869849,gary.20140122,81052768169,gary's insurance company,0.50,0.10,4.75,0.10
Qts2Cmp.Brands.Broad.1,13494869969,frankenmuth.20140122,551303118,frankenmuth mutual insurance,0.50,0.10,1.06,0.10
Qts2Cmp.Brands.Broad.1,13494869969,frankenmuth.20140122,1059886030,fmins,0.50,0.10,2.12,0.10
Qts2Cmp.Brands.Broad.1,13494869969,frankenmuth.20140122,2133997707,frankenmuth car insurance,0.50,0.10,4.13,0.10
Qts2Cmp.Brands.Broad.1,13494869969,frankenmuth.20140122,6231814305,frankenmuth insurance michigan,0.50,0.10,2.39,0.10
Qts2Cmp.Brands.Broad.1,13494870089,bristol west.20140122,142571576,bristol west auto insurance,0.50,0.10,2.41,0.10
Qts2Cmp.Brands.Broad.1,13494870209,muncie.20140122,100600776,muncie auto insurance,0.50,0.10,28.00,0.10
Qts2Cmp.Brands.Broad.2,13494872489,auto owners.20140122,16769303,auto owners insurance,0.50,0.10,1.59,0.10
Qts2Cmp.Brands.Broad.2,13494873929,armed forces.20140122,296389923,armed forces car insurance,0.50,0.10,5.39,0.10
Qts2Cmp.Brands.Broad.2,13494873929,armed forces.20140122,55396620956,armed forces quotes,0.50,0.10,3.12,0.10
Qts2Cmp.Brands.Broad.2,13494874169,chubb.20140122,296308833,chubb car insurance,0.50,0.10,4.86,0.10
Qts2Cmp.Brands.Broad.2,13494874769,direct general.20140122,23685293,direct general auto insurance,0.50,0.10,9.05,0.10
Qts2Cmp.Brands.Broad.2,13494874769,direct general.20140122,16382634238,direct general quotes,0.50,0.10,5.56,0.10
Qts2Cmp.Brands.Broad.2,13494875729,gmac.20140122,14547531,gmac,0.50,0.10,0.75,0.10
Qts2Cmp.Brands.Broad.2,13494875729,gmac.20140122,398349387,gmac quotes,0.50,0.10,4.30,0.10
Qts2Cmp.Brands.Broad.2,13494876569,hastings mutual.20140122,100623136,hastings car insurance,0.50,0.10,1.57,0.10
Qts2Cmp.Brands.Broad.2,13494877049,infinity.20140122,100613996,infinity auto insurance,0.50,0.10,1.37,0.10
Qts2Cmp.Brands.Broad.2,13494877769,middlesex.20140122,476688475,middlesex auto insurance,0.50,0.10,0.87,0.10
Qts2Cmp.Brands.Broad.2,13494877889,motorists.20140122,392602624,motorists car insurance,0.50,0.10,2.48,0.10
Qts2Cmp.Brands.Broad.2,13494878849,permanent general.20140122,20830141,permanent general insurance,0.50,0.10,2.01,0.10
Qts2Cmp.Brands.Broad.2,13494878849,permanent general.20140122,144833149,permanent general auto insurance,0.50,0.10,3.57,0.10
Qts2Cmp.Brands.Broad.2,13494879089,plymouth rock.20140122,5005380289,plymouth rock car insurance,0.50,0.10,8.81,0.10
Qts2Cmp.Brands.Broad.2,13494879209,preferred mutual.20140122,3162628421,preferred mutual auto insurance,0.50,0.10,7.58,0.10
Qts2Cmp.Brands.Broad.2,13494879689,safeco.20140122,19959123,safeco insurance,0.50,0.10,2.49,0.10
Qts2Cmp.Brands.Broad.2,13494879689,safeco.20140122,141578065,safeco auto,0.50,0.10,3.56,0.10
Qts2Cmp.Brands.Broad.2,13494879689,safeco.20140122,143492235,safeco car insurance,0.50,0.10,17.93,0.10
Qts2Cmp.Brands.Broad.2,13494879689,safeco.20140122,268811971,safeco quote,0.50,0.10,7.61,0.10
Qts2Cmp.Brands.Broad.2,13494879929,secura.20140122,624521902,secura insurance,0.50,0.10,0.46,0.10
Qts2Cmp.Brands.Broad.2,13494880049,selective.20140122,17971852942,selective quotes,0.50,0.10,2.35,0.10
Qts2Cmp.Brands.Broad.2,13494880769,union mutual.20140122,13003482201,union mutual auto insurance,0.50,0.10,3.96,0.10
Qts2Cmp.Brands.Broad.2,13494881489,wawanesa.20140122,874599101,wawanesa quote,0.50,0.10,1.95,0.10
Qts2Cmp.Brands.Broad.2,13494881489,wawanesa.20140122,1255428090,wawanesa san diego,0.50,0.10,4.39,0.10
Qts2Cmp.Brands.Broad.2,13494881609,west bend.20140122,2338401929,west bend car insurance,0.50,0.10,3.00,0.10
Qts2Cmp.Brands.Broad.4,13494887729,njm.20140122,14039880,new jersey manufacturers,0.50,0.10,3.04,0.10
Qts2Cmp.Brands.Broad.4,13494887729,njm.20140122,126914836,nj manufacturers,0.50,0.10,1.60,0.10
Qts2Cmp.Brands.Broad.4,13494887849,pronto insurance.20140122,3296019574,auto pronto,0.50,0.10,3.75,0.10
Qts2Cmp.Brands.Broad.4,13494887849,pronto insurance.20140122,4262439784,pronto auto insurance,0.50,0.10,5.76,0.10
Qts2Cmp.Brands.Broad.4,13494887849,pronto insurance.20140122,25909479789,pronto insurance tx,0.50,0.10,1.46,0.10
Qts2Cmp.Brands.Broad.4,13494888929,titan insurance.20140122,970388376,titan auto quote,0.50,0.10,4.85,0.10
Qts2Cmp.Brands.Broad.4,13494889529,state auto.20140122,10320540,nationwide auto insurance,0.50,0.10,1.06,0.10
Qts2Cmp.Brands.Broad.4,13494889529,state auto.20140122,14764121,nationwide car insurance,0.50,0.10,2.61,0.10
Qts2Cmp.Brands.Broad.4,13494889529,state auto.20140122,18723281,allstate auto insurance,0.50,0.10,5.66,0.10
Qts2Cmp.Brands.Broad.4,13494889529,state auto.20140122,21255340,all state insurance,0.50,0.10,7.65,0.10
Qts2Cmp.Brands.Broad.4,13494889769,germania insurance.20140122,2328899669,germania insurance quote,0.50,0.10,2.37,0.10
Qts2Cmp.Brands.Broad.4,13494890729,pilgrim insurance.20140122,744890854,pilgrim ins,0.50,0.10,2.28,0.10
Qts2Cmp.TOM.Broad.1,13494909569,get insurance quotes.20140122,282201133,get insurance quotes,0.50,0.10,3.08,0.10
Qts2Cmp.Brands.Exact.1,14482952249,ameriprise,20251735496,ameriprise costco,0.50,0.10,2.95,0.10
Qts2Cmp.Brands.Broad.4,14483301449,enumclaw insurance,4410513424,enumclaw auto insurance,0.50,0.10,3.05,0.10
Qts2Cmp.Geico,14504176049,geico.exact.20140316,28485040,geico auto,0.50,0.10,4.48,0.10
Qts2Cmp.Mobile.Geico,14608622129,geico.exact.20140316,13864842,geico car insurance quote,0.50,0.10,4.11,0.10
Qts2Cmp.Mobile.Geico,14608622249,geico.broad.20140316,120632036,geico quotes,0.50,0.10,2.19,0.10
Qts2Cmp.Mobile.Geico,14608622249,geico.broad.20140316,1188981442,geico massachusetts,0.50,0.10,0.03,0.10
Qts2Cmp.Mobile.Brands.Exact.1,14608678049,dairyland .20131123,42822366,dairyland insurance,0.50,0.10,4.82,0.10
Qts2Cmp.Mobile.Brands.Exact.1,14608678769,farm bureau.20131123,296327793,farm bureau car insurance,0.50,0.10,7.06,0.10
Qts2Cmp.Mobile.Brands.Exact.1,14608678889,fred loya.20131123,2551073742,loya insurance,0.50,0.10,5.23,0.10
Qts2Cmp.Mobile.Brands.Exact.1,14608681289,bristol west.20131210,61631668,bristol west auto insurance,0.50,0.10,1.12,0.10
Qts2Cmp.Mobile.Brands.Exact.1,14608681289,bristol west.20131210,90925556,bristol west,0.50,0.10,1.64,0.10
Qts2Cmp.Mobile.Brands.Exact.1,14608681769,21st century,96435304,21st insurance,0.50,0.10,4.00,0.10
Qts2Cmp.Mobile.Brands.Exact.1,14608681889,wawanesa,89238923,wawanesa insurance,0.50,0.10,7.03,0.10
Qts2Cmp.Mobile.Brands.Exact.1,14608682609,aaa,418213706,triple aaa,0.50,0.10,5.62,0.10
Qts2Cmp.Mobile.Brands.Exact.1,14608682609,aaa,493128273,triple a insurance,0.50,0.10,19.25,0.10
Qts2Cmp.Mobile.Brands.Broad.2,14608683689,esurance.20140122,10564430,esurance,0.50,0.10,6.89,0.10
Qts2Cmp.Mobile.Brands.Broad.2,14608683929,21st century.20140122,20894441,21st century auto insurance,0.50,0.10,3.80,0.10
Qts2Cmp.Mobile.Brands.Broad.2,14608683929,21st century.20140122,48470490,21 century,0.50,0.10,1.51,0.10
Qts2Cmp.Mobile.Brands.Broad.2,14608684049,ace group.20140122,58772528,ace insurance,0.50,0.10,2.71,0.10
Qts2Cmp.Mobile.Brands.Broad.2,14608686689,elephant.20140122,16820031,elephant insurance,0.50,0.10,1.00,0.10
Qts2Cmp.Mobile.Brands.Broad.2,14608686809,emc.20140122,37511095554,+emc +insurance,0.50,0.10,0.21,0.10
Qts2Cmp.Mobile.Brands.Broad.2,14608687169,gainsco.20140122,54973362938,+gainsco +insurance,0.50,0.10,1.59,0.10
Qts2Cmp.Mobile.Brands.Broad.2,14608689209,metlife.20140122,10036753,metlife insurance,0.50,0.10,8.09,0.10
Qts2Cmp.Mobile.Brands.Broad.2,14608689809,national grange.20140122,635569235,national grange auto insurance,0.50,0.10,11.16,0.10
Qts2Cmp.Mobile.Brands.Broad.2,14608690769,plymouth rock.20140122,5005380289,plymouth rock car insurance,0.50,0.10,7.78,0.10
Qts2Cmp.Mobile.Brands.Broad.2,14608691489,safeway.20140122,1045347370,safeway auto,0.50,0.10,3.21,0.10
Qts2Cmp.Mobile.Brands.Broad.2,14608692689,unitrin direct.20140122,27059735143,+unitrin,0.50,0.10,3.11,0.10
Qts2Cmp.Mobile.Brands.Broad.2,14608692809,usaa.20140122,447492061,usaa quote,0.50,0.10,1.43,0.10
Qts2Cmp.Mobile.Brands.Broad.1,14608869809,costco .20140122,100596136,costco car insurance,0.50,0.10,1.90,0.10
Qts2Cmp.Mobile.Brands.Broad.1,14608869809,costco .20140122,4456018397,costco auto insurance quote,0.50,0.10,3.61,0.10
Qts2Cmp.Mobile.Brands.Broad.1,14608869809,costco .20140122,10614863588,costco insurance quote,0.50,0.10,0.82,0.10
Qts2Cmp.Mobile.Brands.Broad.1,14608870049,countrywide.20140122,14498441,countrywide,0.50,0.10,0.39,0.10
Qts2Cmp.Mobile.Brands.Broad.1,14608870169,dairyland .20140122,100625936,dairyland car insurance,0.50,0.10,0.90,0.10
Qts2Cmp.Mobile.Brands.Broad.1,14608870889,farm bureau.20140122,21255430,farm bureau insurance,0.50,0.10,3.94,0.10
Qts2Cmp.Mobile.Brands.Broad.1,14608870889,farm bureau.20140122,47714371,farm bureau auto insurance,0.50,0.10,7.21,0.10
Qts2Cmp.Mobile.Brands.Broad.1,14608870889,farm bureau.20140122,321497598,farm bureau auto insurance quote,0.50,0.10,2.79,0.10
Qts2Cmp.Mobile.Brands.Broad.1,14608871249,general.20140122,103283571,the general car insurance,0.50,0.10,7.92,0.10
Qts2Cmp.Mobile.Brands.Broad.1,14608871849,look.20140122,47697331,look auto insurance,0.50,0.10,1.60,0.10
Qts2Cmp.Mobile.Brands.Broad.1,14608871849,look.20140122,116659375,look insurance,0.50,0.10,1.82,0.10
Qts2Cmp.Mobile.Brands.Broad.1,14608871849,look.20140122,11398237800,look auto insurance michigan,0.50,0.10,1.10,0.10
Qts2Cmp.Mobile.Brands.Broad.1,14608873049,bristol west.20140122,140381013,bristol west insurance,0.50,0.10,2.45,0.10
Qts2Cmp.Mobile.Brands.Broad.4,14608873649,njm.20140122,233583934,njm auto insurance,0.50,0.10,1.80,0.10
Qts2Cmp.Mobile.Brands.Broad.4,14608875809,state auto.20140122,14389651,aarp,0.50,0.10,5.89,0.10
Qts2Cmp.Mobile.Brands.Broad.4,14608875809,state auto.20140122,20894481,aaa auto insurance,0.50,0.10,4.71,0.10
Qts2Cmp.Mobile.Brands.Broad.4,14608875809,state auto.20140122,100600276,aflac auto insurance,0.50,0.10,4.86,0.10
Qts2Cmp.Brands.Broad.1,13494866489,acceptance.20140122,1002119606,acceptance insurance quote,0.50,0.10,5.00,0.10
Qts2Cmp.Brands.Exact.1,14479616009,wawanesa,99713503,wawanesa car insurance,0.50,0.10,11.00,0.10
Qts2Cmp.Brands.Broad.5,13494899249,accc insurance company.20140122,7665289245,accc insurance company,0.50,0.10,3.00,0.10
Qts2Cmp.Brands.Broad.1,13494868289,freeway .20140122,3788881169,free way insurance,0.50,0.10,0.01,0.10
Qts2Cmp.Brands.Broad.1,13494866849,amica.20140122,33541860,amica,0.50,0.10,6.00,0.10
Qts2Cmp.Brands.Broad.4,13494889529,state auto.20140122,359710316,triple a insurance,0.50,0.10,13.00,0.10
Qts2Cmp.Brands.Exact.1,12919422089,general.20131123,124049989,the general insurance,0.50,0.10,8.00,0.10
Qts2Cmp.Brands.Broad.1,13494866849,amica.20140122,35611210,amica mutual,0.50,0.10,1.00,0.10
Qts2Cmp.Brands.Exact.1,12919421969,freeway .20131123,42021501125,freeway insurance phoenix az,0.50,0.10,7.00,0.10
Qts2Cmp.Brands.Exact.1,14500247609,aaa,19563851,aaa,0.50,0.10,2.00,0.10
Qts2Cmp.Brands.Broad.5,13494899249,accc insurance company.20140122,5912976506,accc auto insurance,0.50,0.10,8.00,0.10
Qts2Cmp.Mobile.Brands.Exact.1,14608678769,farm bureau.20131123,112048012,farm bureau,0.50,0.10,5.00,0.10
Qts2Cmp.Brands.Broad.1,13494870089,bristol west.20140122,62885340,bristol west,0.50,0.10,2.00,0.10
Qts2Cmp.Brands.Broad.4,13494889529,state auto.20140122,15741597,aarp auto insurance quote,0.50,0.10,10.00,0.10
Qts2Cmp.Brands.Exact.1,12919422089,general.20131123,44682162,general,0.50,0.10,9.00,0.10
Qts2Cmp.Brands.Broad.2,13494872609,21st century.20140122,52252553,21 auto insurance,0.50,0.10,3.00,0.10
Qts2Cmp.Brands.Broad.4,13494889529,state auto.20140122,91036177,triple aaa,0.50,0.10,9.00,0.10
Qts2Cmp.Brands.Exact.1,14502296969,usaa.20131210,89191243,usaa insurance,0.50,0.10,6.00,0.10
Qts2Cmp.Brands.Broad.2,13494874169,chubb.20140122,100603996,chubb auto insurance,0.50,0.10,5.00,0.10
Qts2Cmp.Brands.Broad.1,13494866849,amica.20140122,47715031,amica auto insurance,0.50,0.10,12.00,0.10
Qts2Cmp.Brands.Broad.1,14504158769,metropolitan,313938903,metro insurance,0.50,0.10,7.00,0.10
Qts2Cmp.Brands.Exact.1,12919420169,acceptance.20131123,300963836,acceptance insurance,0.50,0.10,12.00,0.10
Qts2Cmp.Mobile.Brands.Exact.1,14608682129,ameriprise,1697687538,ameriprise,0.50,0.10,7.00,0.10
Qts2Cmp.Brands.Exact.1,13202825609,bristol west.20131210,90925556,bristol west,0.50,0.10,3.00,0.10
Qts2Cmp.Mobile.Brands.Exact.1,14608678889,fred loya.20131123,589206972,fred loya,0.50,0.10,6.00,0.10
Qts2Cmp.Brands.Exact.1,14483175329,infinity insurance,42822886,infinity insurance,0.50,0.10,6.00,0.10
Qts2Cmp.Brands.Exact.1,12919422929,nationwide.20131123,27165100,nationwide insurance,0.50,0.10,10.00,0.10
Qts2Cmp.Mobile.Brands.Exact.1,14608682369,infinity insurance,42822886,infinity insurance,0.50,0.10,2.00,0.10
Qts2Cmp.Brands.Broad.1,13494869609,us agencies.20140122,404039067,us agencies car insurance,0.50,0.10,15.00,0.10
Qts2Cmp.Brands.Broad.1,13494868169,fred loya.20140122,744823054,loya insurance,0.50,0.10,3.00,0.10
Qts2Cmp.Brands.Exact.1,12919422089,general.20131123,33075196,general insurance,0.50,0.10,11.00,0.10
Qts2Cmp.Mobile.Brands.Exact.1,14608682369,infinity insurance,99458823,infinity car insurance,0.50,0.10,9.00,0.10
Qts2Cmp.Geico,14504176769,geico.broad.20140316,17711741,geico insurance,0.50,0.10,4.00,0.10
Qts2Cmp.Brands.Broad.4,14483301449,enumclaw insurance,284660827,mutual of enumclaw,0.50,0.10,6.00,0.10
Qts2Cmp.Mobile.Brands.Broad.4,14608875809,state auto.20140122,16747001,allstate,0.50,0.10,4.00,0.10
Qts2Cmp.Brands.Broad.1,13494870209,muncie.20140122,313967403,muncie insurance,0.50,0.10,15.00,0.10
Qts2Cmp.Brands.Exact.1,12919421969,freeway .20131123,435488944,freeway insurance,0.50,0.10,6.00,0.10
Qts2Cmp.Brands.Broad.2,13494881489,wawanesa.20140122,116639020,wawanesa,0.50,0.10,2.60,0.10
Qts2Cmp.Brands.Broad.1,13494866969,costco .20140122,14681613875,ameriprise insurance costco,1.00,0.10,5.00,0.10
Qts2Cmp.TOM.Broad.1,13494909089,compare and save.20140122,18926251,auto insurance rate comparison,1.00,0.10,15.00,0.10
Qts2Cmp.Brands.Exact.1,14500247609,aaa,21491520,aaa insurance,1.00,0.10,4.00,0.10
Qts2Cmp.Brands.Exact.1,12919421009,dairyland .20131123,42822366,dairyland insurance,1.00,0.10,4.00,0.10
Qts2Cmp.Brands.Broad.1,13494867329,dairyland .20140122,100625936,dairyland car insurance,1.00,0.10,9.00,0.10
Qts2Cmp.Brands.Broad.1,13494868409,general.20140122,39496142,the general,1.00,0.10,6.00,0.10
Qts2Cmp.TOM.Broad.1,13494909209,compare multiple quotes.20140122,30297481,multiple auto insurance quotes,1.00,0.10,11.00,0.10
Qts2Cmp.Brands.Broad.1,13494866849,amica.20140122,47702411,amica insurance,1.00,0.10,5.00,0.10
Qts2Cmp.Mobile.Brands.Exact.1,14608681889,wawanesa,251268366,wawanesa,1.00,0.10,8.00,0.10
Qts2Cmp.Brands.Broad.1,13494868169,fred loya.20140122,4566493057,fred loya insurance quote,1.00,0.10,3.24,0.10
Qts2Cmp.Mobile.Brands.Broad.4,14608875809,state auto.20140122,21255340,all state insurance,1.00,0.10,5.16,0.10
Qts2Cmp.Brands.Exact.1,14483175329,infinity insurance,99458823,infinity car insurance,1.00,0.10,9.00,0.10
Qts2Cmp.Brands.Broad.2,13494873689,ameriprise.20140122,343158929,ameriprise,1.00,0.10,12.00,0.10
Qts2Cmp.Brands.Broad.1,14504158769,metropolitan,254626368,metropolitan insurance company,1.00,0.10,8.00,0.10
Qts2Cmp.Brands.Exact.1,14500247609,aaa,13871272,aaa car insurance,1.00,0.10,8.00,0.10
Qts2Cmp.Mobile.Geico,14608622249,geico.broad.20140316,12728220,geico insurance quote,1.00,0.10,4.00,0.10
Qts2Cmp.Brands.Broad.1,13494867329,dairyland .20140122,1502180727,dairyland insurance quote,1.00,0.10,8.00,0.10
Qts2Cmp.Brands.Exact.1,14479615529,21st century,21491340,21st century insurance,1.00,0.10,4.50,0.10
Qts2Cmp.Brands.Broad.4,13494889529,state auto.20140122,14389651,aarp,1.00,0.10,7.50,0.10
Qts2Cmp.Brands.Broad.1,13494868169,fred loya.20140122,484642516,fred loya,1.00,0.10,5.50,0.10
Qts2Cmp.Brands.Broad.4,13494888929,titan insurance.20140122,100598776,titan car insurance,1.00,0.10,4.50,0.10
Qts2Cmp.Brands.Broad.1,13494870089,bristol west.20140122,140381013,bristol west insurance,1.00,0.10,5.50,0.10
Qts2Cmp.Brands.Exact.1,14483175329,infinity insurance,99458783,infinity auto insurance,1.00,0.10,9.50,0.10
Qts2Cmp.Brands.Broad.2,13494873209,alfa.20140122,99523633,alfa insurance,1.00,0.10,3.50,0.10
Qts2Cmp.Mobile.Brands.Broad.2,14608683689,esurance.20140122,323289271,esurance quotes,1.00,0.10,10.50,0.10
Qts2Cmp.Brands.Broad.1,13494867329,dairyland .20140122,47704491,dairyland auto insurance,1.00,0.10,4.50,0.10
Qts2Cmp.TOM.Exact.1,13208023409,auto insurance quotes.20131211,11875511,insurance quote,1.00,0.10,11.50,0.10
Qts2Cmp.Brands.Broad.4,13494889529,state auto.20140122,10893011,allstate insurance,1.00,0.10,5.50,0.10
Qts2Cmp.Brands.Broad.2,13494875129,elephant.20140122,4580361557,elephant auto,1.00,0.10,7.50,0.10
Qts2Cmp.Brands.Broad.1,13494868169,fred loya.20140122,811495707,fred loya auto insurance,1.00,0.10,6.50,0.10
Qts2Cmp.Brands.Exact.1,14482952249,ameriprise,1697687538,ameriprise,1.00,0.10,7.50,0.10
Qts2Cmp.Mobile.Brands.Broad.2,14608686929,farmers.20140122,23694383,farmers auto insurance,1.00,0.10,5.50,0.10
Qts2Cmp.Geico,14504176769,geico.broad.20140316,120632036,geico quotes,1.00,0.10,5.50,0.10
Qts2Cmp.Mobile.Brands.Exact.1,14608681649,allstate,90670265,all state,1.00,0.10,11.50,0.10
Qts2Cmp.Brands.Exact.1,12919422689,look.20131123,61618348,look auto insurance,1.00,0.10,9.50,0.10
Qts2Cmp.Brands.Broad.2,13494874769,direct general.20140122,110280210,direct general insurance,1.00,0.10,10.50,0.10
Qts2Cmp.Brands.Exact.1,14482952249,ameriprise,1768119902,ameriprise insurance,1.00,0.10,4.50,0.10
Qts2Cmp.Brands.Broad.1,13494867689,ensure.20140122,132927520,ensure vs insure,1.00,0.10,13.50,0.10
Qts2Cmp.Brands.Exact.1,12919421849,fred loya.20131123,99695923,fred loya insurance,1.00,0.10,12.50,0.10
Qts2Cmp.Brands.Exact.1,14500247609,aaa,493128273,triple a insurance,1.00,0.10,12.50,0.10
Qts2Cmp.Brands.Broad.2,13494872609,21st century.20140122,20894441,21st century auto insurance,1.00,0.10,5.50,0.10
Qts2Cmp.Brands.Broad.1,13494866609,adriana.20140122,4999559812,adriana ins,1.00,0.10,12.50,0.10
Qts2Cmp.Brands.Exact.1,13202825609,bristol west.20131210,313489083,bristol west insurance,1.00,0.10,5.50,0.10
Qts2Cmp.Brands.Exact.1,14500247609,aaa,418213706,triple aaa,1.00,0.10,6.50,0.10
Qts2Cmp.Mobile.Brands.Exact.1,14608681649,allstate,38763800,allstate,1.00,0.10,8.90,0.10
Qts2Cmp.Brands.Broad.2,13494881129,usaa.20140122,20894491,usaa car insurance,1.00,0.10,9.50,0.10
Qts2Cmp.Brands.Exact.1,14482974449,farmers,11971590,farmers insurance,1.00,0.10,7.50,0.10
Qts2Cmp.Brands.Broad.4,13494888929,titan insurance.20140122,66812040,titan insurance,1.00,0.10,2.50,0.10
Qts2Cmp.TOM.Broad.1,13494909449,free insurance quotes.20140122,22307160,free insurance quotes,1.00,0.10,8.50,0.10
Qts2Cmp.Brands.Exact.1,12919421849,fred loya.20131123,589206972,fred loya,1.00,0.10,13.50,0.10
Qts2Cmp.Brands.Broad.1,13494869129,meemic.20140122,635488565,meemic insurance,1.00,0.10,6.50,0.10
Qts2Cmp.Brands.Broad.1,13494868289,freeway .20140122,100771443,freeway insurance,1.00,0.10,5.50,0.10
Qts2Cmp.Brands.Broad.4,13494889529,state auto.20140122,29982393,triple a,1.00,0.10,8.50,0.10
Qts2Cmp.Brands.Broad.1,13494870089,bristol west.20140122,38574641,bristol insurance,1.00,0.10,0.51,0.10
Qts2Cmp.Mobile.Brands.Exact.1,14608680209,nationwide.20131123,32699530,nationwide,1.00,0.10,8.50,0.10
Qts2Cmp.Brands.Exact.1,14482974449,farmers,13160660,farmers,1.00,0.10,5.50,0.10
Qts2Cmp.Brands.Broad.4,13494889889,direct insurance.20140122,18189250,direct insurance,1.00,0.10,1.50,0.10
Qts2Cmp.Brands.Broad.1,13494866969,costco .20140122,100596136,costco car insurance,1.00,0.10,4.50,0.10
Qts2Cmp.Brands.Exact.1,14479615529,21st century,85943831,21st century,1.00,0.10,4.50,0.10
Qts2Cmp.Brands.Broad.1,13494866609,adriana.20140122,1594682826,adriana's insurance,1.00,0.10,2.50,0.10
Qts2Cmp.Brands.Broad.2,13494872369,esurance.20140122,323289271,esurance quotes,1.00,0.10,10.50,0.10
Qts2Cmp.Brands.Exact.1,14479614809,allstate,21491300,allstate insurance,1.00,0.10,6.50,0.10
Qts2Cmp.Brands.Exact.1,14479616009,wawanesa,89238923,wawanesa insurance,1.00,0.10,8.50,0.10
Qts2Cmp.Brands.Broad.1,13494866489,acceptance.20140122,1594725486,first acceptance insurance,1.00,0.10,5.50,0.10
Qts2Cmp.Brands.Broad.2,13494874769,direct general.20140122,193415816,direct general,1.00,0.10,8.50,0.10
Qts2Cmp.Brands.Broad.1,13494868529,insure one.20140122,123618074,insure one,1.00,0.10,8.50,0.10
Qts2Cmp.Brands.Broad.2,13494874049,bear river.20140122,1600942546,bear river mutual,1.00,0.10,5.50,0.10
Qts2Cmp.Brands.Broad.1,13494869009,look.20140122,11398237800,look auto insurance michigan,1.00,0.10,3.50,0.10
Qts2Cmp.Mobile.Brands.Broad.1,14608869809,costco .20140122,143641770,costco insurance,1.00,0.10,4.50,0.10
Qts2Cmp.Brands.Broad.2,13494873209,alfa.20140122,100603716,alfa auto insurance,1.00,0.10,4.50,0.10
Qts2Cmp.Brands.Broad.2,13494872369,esurance.20140122,10564430,esurance,1.00,0.10,8.50,0.10
Qts2Cmp.Brands.Exact.1,12919422689,look.20131123,118685095,look insurance,1.00,0.10,5.50,0.10
Qts2Cmp.Mobile.Geico,14608622249,geico.broad.20140316,13655260,geico,1.00,0.10,5.50,0.10
Qts2Cmp.Brands.Exact.1,14482952249,ameriprise,1337067592,ameriprise auto insurance,1.00,0.10,13.50,0.10
Qts2Cmp.Brands.Broad.1,13494868169,fred loya.20140122,513175888,fred loya insurance,1.00,0.10,7.50,0.10
Qts2Cmp.TOM.Broad.1,13494909449,free insurance quotes.20140122,10893081,insurance quotes,1.00,0.10,5.50,0.10
Qts2Cmp.Brands.Broad.1,13494869369,ocean harbor.20140122,490569350,ocean harbor insurance,1.00,0.10,1.50,0.10
Qts2Cmp.Brands.Exact.1,14500247609,aaa,30311473,triple a,1.00,0.10,5.50,0.10
Qts2Cmp.Geico,14504176769,geico.broad.20140316,17711761,geico car insurance,1.00,0.10,4.50,0.10
Qts2Cmp.TOM.Broad.1,13494908129,auto insurance quotes.20140122,104064198,autos insurance quotes,1.00,0.10,9.50,0.10
Qts2Cmp.Brands.Broad.1,13494869009,look.20140122,5547464064,look insurance agencies,1.00,0.10,15.50,0.10
Qts2Cmp.Mobile.Brands.Exact.1,14608682369,infinity insurance,99458783,infinity auto insurance,1.00,0.10,9.50,0.10
Qts2Cmp.Geico,14504176769,geico.broad.20140316,10892921,geico auto insurance,1.00,0.10,5.50,0.10
Qts2Cmp.Brands.Exact.1,14502296969,usaa.20131210,57001546,usaa,1.00,0.10,5.50,0.10
Qts2Cmp.Mobile.Geico,14608622129,geico.exact.20140316,25933850,geico auto insurance,1.02,0.10,10.00,0.10
Qts2Cmp.Brands.Broad.2,13494872609,21st century.20140122,70802651,century 21 insurance,1.04,0.10,9.00,0.10
Qts2Cmp.Brands.Exact.1,14479615529,21st century,96435304,21st insurance,1.04,0.10,15.00,0.10
Qts2Cmp.Brands.Broad.1,13494866729,aggressive.20140122,63735823562,aggressive quote,1.06,0.10,11.00,0.10
Qts2Cmp.Brands.Broad.1,13494866969,costco .20140122,143641770,costco insurance,1.06,0.10,7.00,0.10
Qts2Cmp.Geico,14504176049,geico.exact.20140316,25933850,geico auto insurance,1.07,0.10,10.00,0.10
Qts2Cmp.Mobile.Brands.Exact.1,14608681289,bristol west.20131210,313489083,bristol west insurance,1.08,0.10,8.00,0.10
Qts2Cmp.Geico,14504176049,geico.exact.20140316,25933840,geico car insurance,1.08,0.10,9.00,0.10
Qts2Cmp.Brands.Broad.4,13494889529,state auto.20140122,16747001,allstate,1.08,0.10,11.00,0.10
Qts2Cmp.TOM.Broad.1,13494908609,cheap auto insurance.20140122,10317450,cheap auto insurance,1.08,0.10,9.00,0.10
Qts2Cmp.Mobile.Geico,14608622249,geico.broad.20140316,12736800,geico auto insurance quote,1.09,0.10,12.00,0.10
Qts2Cmp.Brands.Exact.1,12919420649,costco .20131123,13585822909,costco insurance auto,1.12,0.10,8.00,0.10
Qts2Cmp.Geico,14504176769,geico.broad.20140316,12728220,geico insurance quote,1.13,0.10,9.00,0.10
Qts2Cmp.Brands.Exact.1,14502296489,esurance.20131210,33355570,esurance,1.13,0.10,11.00,0.10
Qts2Cmp.Geico,14504176769,geico.broad.20140316,12729290,geico car insurance quote,1.15,0.10,12.00,0.10
Qts2Cmp.Brands.Broad.1,13494866849,amica.20140122,1320283174,amica insurance quote,1.16,0.10,8.70,0.10
Qts2Cmp.Brands.Broad.1,13494869489,premier.20140122,119047829,premier insurance,1.18,0.10,5.00,0.10
Qts2Cmp.Brands.Exact.1,12919421009,dairyland .20131123,1057557333,dairyland auto,1.20,0.10,7.00,0.10
Qts2Cmp.Mobile.Brands.Exact.1,14608677689,costco .20131123,99500063,costco insurance,1.21,0.10,10.00,0.10
Qts2Cmp.Brands.Exact.1,14479614809,allstate,90670265,all state,1.22,0.10,14.00,0.10
Qts2Cmp.Brands.Broad.2,13494873929,armed forces.20140122,280182813,armed forces auto insurance,1.22,0.10,7.50,0.10
Qts2Cmp.Brands.Exact.1,13202825609,bristol west.20131210,440900866,bristol insurance,1.22,0.10,8.00,0.10
Qts2Cmp.Brands.Exact.1,12919420529,amica.20131123,42819626,amica insurance,1.25,0.10,8.00,0.10
Qts2Cmp.Brands.Exact.1,14479614809,allstate,38763800,allstate,1.25,0.10,12.00,0.10
Qts2Cmp.Brands.Broad.2,13494875369,farmers.20140122,23688763,farmers car insurance,1.26,0.10,5.00,0.10
Qts2Cmp.Mobile.Brands.Exact.1,14608682009,alfa insurance,101731324,alfa insurance,1.27,0.10,6.00,0.10
Qts2Cmp.Brands.Broad.2,13494881009,unitrin direct.20140122,100584716,unitrin direct insurance,1.27,0.10,15.00,0.10
Qts2Cmp.Brands.Broad.2,13494872609,21st century.20140122,640014878,21 century quote,1.28,0.10,9.00,0.10
Qts2Cmp.Brands.Broad.1,13494869969,frankenmuth.20140122,309394054,frankenmuth insurance,1.29,0.10,6.00,0.10
Qts2Cmp.Mobile.Brands.Exact.1,14608681769,21st century,85943831,21st century,1.31,0.10,7.00,0.10
Qts2Cmp.Mobile.Brands.Broad.1,14608870049,countrywide.20140122,1809657960,countrywide insurance ny,1.32,0.10,9.00,0.10
Qts2Cmp.Brands.Exact.1,12919421009,dairyland .20131123,99742463,dairyland auto insurance,1.32,0.10,10.00,0.10
Qts2Cmp.Brands.Exact.1,14502296489,esurance.20131210,99693463,esurance insurance,1.34,0.10,17.00,0.10
Qts2Cmp.Brands.Broad.2,13494873689,ameriprise.20140122,811491327,ameriprise auto insurance,1.34,0.10,14.00,0.10
Qts2Cmp.Brands.Broad.2,13494872369,esurance.20140122,267238938,esurance insurance,1.37,0.10,15.00,0.10
Qts2Cmp.Geico,14504176769,geico.broad.20140316,13655260,geico,1.37,0.10,10.00,0.10
Qts2Cmp.Brands.Broad.1,13494868289,freeway .20140122,32389810648,freeway insurance az,1.38,0.10,17.72,0.10
Qts2Cmp.Brands.Exact.1,14479616009,wawanesa,251268366,wawanesa,1.38,0.10,11.00,0.10
Qts2Cmp.Brands.Broad.2,13494876569,hastings mutual.20140122,392561134,hastings mutual car insurance,1.38,0.10,12.00,0.10
Qts2Cmp.Brands.Broad.2,13494878009,mutual of enumclaw.20140122,744864814,mutual of enumclaw insurance,1.42,0.10,4.80,0.10
Qts2Cmp.Brands.Broad.4,13494889529,state auto.20140122,20894321,aaa car insurance,1.42,0.10,13.00,0.10
Qts2Cmp.Brands.Broad.1,13494866489,acceptance.20140122,2309291824,acceptance quotes,1.44,0.10,7.00,0.10
Qts2Cmp.Brands.Broad.4,13494888929,titan insurance.20140122,1499105909,titan insurance quote,1.45,0.10,7.50,0.10
Qts2Cmp.Brands.Broad.1,13494868409,general.20140122,103283571,the general car insurance,1.45,0.10,12.00,0.10
Qts2Cmp.Mobile.Brands.Broad.2,14608684649,alfa.20140122,99523633,alfa insurance,1.45,0.10,6.00,0.10
Qts2Cmp.Brands.Exact.1,12919420649,costco .20131123,99500063,costco insurance,1.48,0.10,10.00,0.10
Qts2Cmp.Brands.Broad.2,13494875969,grinnell.20140122,59172869230,grinnell quotes,1.48,0.10,13.00,0.10
Qts2Cmp.Brands.Exact.1,12919423049,ocean harbor.20131123,533904843,ocean harbor insurance,1.49,0.10,5.00,0.10
Qts2Cmp.Brands.Broad.1,13494867929,estrella.20140122,706639174,estrella insurance,1.49,0.10,7.00,0.10
Qts2Cmp.Brands.Broad.2,13494875369,farmers.20140122,23694383,farmers auto insurance,1.50,0.10,8.00,0.10
Qts2Cmp.Brands.Exact.1,14483175329,infinity insurance,29996721,infinity auto,1.51,0.10,9.00,0.10
Qts2Cmp.Brands.Broad.2,13494881009,unitrin direct.20140122,27059735143,+unitrin,1.51,0.10,6.00,0.10
Qts2Cmp.Brands.Broad.2,13494881489,wawanesa.20140122,874599311,wawanesa insurance quote,1.53,0.10,8.20,0.10
Qts2Cmp.Brands.Broad.1,13494868529,insure one.20140122,985103184,insure one car insurance,1.57,0.10,14.00,0.10
Qts2Cmp.Mobile.Brands.Exact.1,14608678889,fred loya.20131123,99695923,fred loya insurance,1.58,0.10,15.00,0.10
Qts2Cmp.Brands.Broad.1,13494866969,costco .20140122,5398650870,costco insurance auto,1.58,0.10,9.00,0.10
Qts2Cmp.Brands.Broad.2,13494877529,metlife.20140122,33629762,metlife auto insurance,1.60,0.10,18.00,0.10
Qts2Cmp.Brands.Broad.2,13494872609,21st century.20140122,48470490,21 century,1.62,0.10,7.00,0.10
Qts2Cmp.Brands.Broad.1,13494867329,dairyland .20140122,724681548,dairy land,1.63,0.10,5.00,0.10
Qts2Cmp.Brands.Exact.1,14479616129,alfa insurance,101731324,alfa insurance,1.63,0.10,6.00,0.10
Qts2Cmp.Brands.Broad.1,13494869129,meemic.20140122,1768561082,memic insurance,1.64,0.10,11.18,0.10
Qts2Cmp.Brands.Broad.2,13494881489,wawanesa.20140122,1255437780,wawanesa usa,1.66,0.10,5.28,0.10
Qts2Cmp.Brands.Exact.1,12919420649,costco .20131123,61685108,costco car insurance,1.67,0.10,9.00,0.10
Qts2Cmp.Mobile.Brands.Exact.1,14608679009,freeway .20131123,435488944,freeway insurance,1.68,0.10,9.00,0.10
Qts2Cmp.Brands.Exact.1,12919422089,general.20131123,61641048,the general car insurance,1.69,0.10,13.00,0.10
Qts2Cmp.Geico,14504176049,geico.exact.20140316,43275582,geico insurance quote,1.71,0.10,9.00,0.10
Qts2Cmp.Brands.Broad.1,13494866969,costco .20140122,4456018397,costco auto insurance quote,1.71,0.10,7.00,0.10
Qts2Cmp.Brands.Broad.2,13494872729,ace group.20140122,58772528,ace insurance,1.72,0.10,6.00,0.10
Qts2Cmp.Brands.Broad.4,13494888209,ausa.20140122,11213162,ausa,1.74,0.10,8.00,0.10
Qts2Cmp.Brands.Exact.1,14479616009,wawanesa,1502250147,wawanesa insurance quote,1.74,0.10,8.00,0.10
Qts2Cmp.Geico,14504176049,geico.exact.20140316,178724079,geiko,1.78,0.10,7.00,0.10
Qts2Cmp.Brands.Broad.2,13494881129,usaa.20140122,20894421,usaa auto insurance,1.80,0.10,7.00,0.10
Qts2Cmp.Mobile.Geico,14608622249,geico.broad.20140316,12729290,geico car insurance quote,1.80,0.10,12.00,0.10
Qts2Cmp.Geico,14504176769,geico.broad.20140316,26316770,geico quote,1.81,0.10,8.00,0.10
Qts2Cmp.Brands.Exact.1,12919420529,amica.20131123,99610503,amica auto insurance,1.83,0.10,10.00,0.10
Qts2Cmp.Brands.Broad.2,13494880049,selective.20140122,280094913,selective auto insurance,1.83,0.10,6.00,0.10
Qts2Cmp.Mobile.Brands.Exact.1,14608681649,allstate,21491300,allstate insurance,1.84,0.10,9.00,0.10
Qts2Cmp.Brands.Broad.2,13494874769,direct general.20140122,142603896,direct general car insurance,1.88,0.10,13.00,0.10
Qts2Cmp.TOM.Broad.1,13494911249,young auto insurance.20140122,76358540,auto insurance for young drivers,1.90,0.10,9.92,0.10
Qts2Cmp.Mobile.Brands.Exact.1,14608678769,farm bureau.20131123,101748284,farm bureau insurance,1.90,0.10,8.00,0.10
Qts2Cmp.TOM.Broad.1,13494909329,family auto insurance.20140122,139577695,family auto insurance,1.90,0.10,9.00,0.10
Qts2Cmp.Geico,14504176049,geico.exact.20140316,25933820,geico insurance,1.91,0.10,10.00,0.10
Qts2Cmp.Brands.Broad.2,13494875129,elephant.20140122,58682267397,elephant auto quote,1.91,0.10,7.50,0.10
Qts2Cmp.Brands.Broad.1,13494866609,adriana.20140122,706569754,adriana insurance,1.93,0.10,4.71,0.10
Qts2Cmp.Brands.Exact.1,12919420529,amica.20131123,49135050,amica,1.94,0.10,6.00,0.10
Qts2Cmp.Brands.Broad.1,13494868049,farm bureau.20140122,47714371,farm bureau auto insurance,1.95,0.10,10.00,0.10
Qts2Cmp.TOM.Broad.1,13494908009,auto insurance online.20140122,47698011,online auto insurance companies,1.98,0.10,12.00,0.10
Qts2Cmp.Brands.Exact.1,12919422929,nationwide.20131123,32699530,nationwide,1.99,0.10,11.00,0.10
Qts2Cmp.Brands.Exact.1,13202825609,bristol west.20131210,61631668,bristol west auto insurance,2.03,0.10,11.00,0.10
Qts2Cmp.Geico,14504176769,geico.broad.20140316,3132007308,geico free quote,2.09,0.10,8.00,0.10
Qts2Cmp.Mobile.Geico,14608622249,geico.broad.20140316,10892921,geico auto insurance,2.09,0.10,8.00,0.10
Qts2Cmp.Brands.Exact.1,14479615529,21st century,560997455,21st century quote,2.12,0.10,8.00,0.10
Qts2Cmp.Mobile.Brands.Exact.1,14608682969,esurance.20131210,33355570,esurance,2.14,0.10,11.00,0.10
Qts2Cmp.Brands.Broad.1,13494869729,usa insurance.20140122,10550390,usa insurance,2.16,0.10,4.00,0.20
Qts2Cmp.Mobile.Geico,14608622129,geico.exact.20140316,28485030,geico quote,2.18,0.10,8.00,0.20
Qts2Cmp.Mobile.Geico,14608622129,geico.exact.20140316,25933830,geico,2.20,0.10,8.00,0.20
Qts2Cmp.Brands.Broad.2,13494875129,elephant.20140122,16820031,elephant insurance,2.28,0.10,7.00,0.20
Qts2Cmp.Brands.Broad.2,13494878489,oregon mutual.20140122,635562395,oregon mutual auto insurance,2.29,0.10,12.00,0.20
Qts2Cmp.Geico,14504176769,geico.broad.20140316,12736800,geico auto insurance quote,2.32,0.10,12.00,0.20
Qts2Cmp.Brands.Broad.4,13494889529,state auto.20140122,18723291,allstate car insurance,2.35,0.10,8.00,0.20
Qts2Cmp.Geico,14504176769,geico.broad.20140316,3608460093,geico online quote,2.40,0.10,8.00,0.20
Qts2Cmp.Brands.Broad.1,13494866849,amica.20140122,47698411,amica mutual insurance,2.43,0.10,13.00,0.20
Qts2Cmp.Mobile.Brands.Broad.4,14608875809,state auto.20140122,18723291,allstate car insurance,2.45,0.10,8.00,0.20
Qts2Cmp.Brands.Broad.2,13494875729,gmac.20140122,20706883,gmac car insurance,2.48,0.10,5.00,0.20
Qts2Cmp.Brands.Broad.2,13494875729,gmac.20140122,20708883,gmac insurance,2.50,0.10,6.00,0.20
Qts2Cmp.Brands.Broad.2,13494879809,safeway.20140122,100616756,safeway auto insurance,2.58,0.10,7.50,0.20
Qts2Cmp.Brands.Broad.1,13494870089,bristol west.20140122,1770422805,bristol west insurance quote,2.59,0.10,7.00,0.20
Qts2Cmp.Brands.Broad.1,13494869609,us agencies.20140122,334482948,us agency car insurance,2.61,0.10,13.00,0.20
Qts2Cmp.Brands.Broad.1,13494867329,dairyland .20140122,1066032879,dairy land auto insurance,2.63,0.10,8.00,0.20
Qts2Cmp.Brands.Broad.2,13494873209,alfa.20140122,1338700862,alfa insurance quote,2.65,0.10,10.00,0.20
Qts2Cmp.Brands.Exact.1,12919422689,look.20131123,321331728,look car insurance,2.73,0.10,13.00,0.20
Qts2Cmp.Mobile.Brands.Exact.1,14608679849,look.20131123,4061556215,look insurance michigan,2.83,0.10,7.00,0.20
Qts2Cmp.Geico,14504176049,geico.exact.20140316,25933830,geico,2.86,0.10,8.00,0.20
Qts2Cmp.Geico,14504176049,geico.exact.20140316,28485030,geico quote,2.87,0.10,8.00,0.20
Qts2Cmp.Brands.Broad.4,13494887729,njm.20140122,233583934,njm auto insurance,2.89,0.10,7.00,0.20
Qts2Cmp.Brands.Broad.2,13494876449,hartford.20140122,17344771,hartford car insurance,2.90,0.10,6.00,0.20
Qts2Cmp.Brands.Broad.1,13494869369,ocean harbor.20140122,81049805009,ocean harbor auto,2.95,0.10,7.00,0.20
Qts2Cmp.Brands.Broad.1,13494869009,look.20140122,2986555786,look insurance michigan,2.96,0.10,9.00,0.20
Qts2Cmp.Brands.Exact.1,12919422809,meemic.20131123,635531285,meemic insurance,2.99,0.10,7.00,0.20
Qts2Cmp.Brands.Broad.4,13494890729,pilgrim insurance.20140122,3186176710,pilgrim car insurance,3.00,0.10,8.00,0.20
Qts2Cmp.Brands.Broad.1,13494867329,dairyland .20140122,313508073,dairy insurance,3.00,0.10,4.50,0.20
Qts2Cmp.Brands.Broad.2,13494875969,grinnell.20140122,2621465404,grinnell car insurance,3.00,0.10,8.00,0.20
Qts2Cmp.Geico,14504176049,geico.exact.20140316,101835994,geico auto quote,3.00,0.10,7.00,0.20
Qts2Cmp.Brands.Broad.1,13494867929,estrella.20140122,851584569,estrella auto insurance,3.00,0.10,7.37,0.20
Qts2Cmp.Brands.Broad.1,13494866969,costco .20140122,334495128,costco insurance car,3.00,0.10,6.00,0.20
Qts2Cmp.Geico,14504176049,geico.exact.20140316,287792311,geico quotes,3.00,0.10,7.00,0.20
Qts2Cmp.Brands.Broad.1,13494866849,amica.20140122,100584036,amica car insurance,3.00,0.10,7.50,0.20
Qts2Cmp.Brands.Broad.4,13494889769,germania insurance.20140122,196159618,germania insurance,3.00,0.10,5.00,0.20
Qts2Cmp.Brands.Broad.1,13494867689,ensure.20140122,15836981,ensure,3.00,0.10,3.01,0.20
Qts2Cmp.Geico,14504176049,geico.exact.20140316,13864842,geico car insurance quote,3.00,0.10,11.00,0.20
Qts2Cmp.Brands.Broad.1,13494869969,frankenmuth.20140122,354163144,frankenmuth mutual insurance company,3.00,0.10,7.50,0.20
Qts2Cmp.Brands.Broad.2,13494881489,wawanesa.20140122,5184493793,wawanesa ca,3.00,0.10,8.40,0.20
Qts2Cmp.Brands.Broad.5,13494899249,accc insurance company.20140122,12566102,accc,3.00,0.10,4.00,0.20
Qts2Cmp.Brands.Broad.1,13494867329,dairyland .20140122,1964414368,dairyland car insurance quote,3.00,0.10,7.50,0.20
Qts2Cmp.TOM.Broad.1,13494908609,cheap auto insurance.20140122,10892931,automobile insurance,3.00,0.10,6.00,0.20
Qts2Cmp.Brands.Broad.4,13494887849,pronto insurance.20140122,744886564,pronto insurance,3.00,0.10,4.00,0.20
Qts2Cmp.Brands.Broad.2,13494876929,imt.20140122,4561520256,imt auto insurance,3.00,0.10,6.60,0.20
Qts2Cmp.Mobile.Brands.Broad.2,14608689209,metlife.20140122,21312540,met life auto insurance,3.00,0.10,8.00,0.20
Qts2Cmp.Brands.Broad.1,13494867209,countrywide.20140122,16960823,countrywide insurance,3.00,0.10,4.00,0.20
Qts2Cmp.Brands.Broad.1,13494867449,del toro.20140122,18281691,el toro,3.00,0.10,5.00,0.20
Qts2Cmp.Brands.Broad.2,13494879809,safeway.20140122,100594356,safeway car insurance,3.00,0.10,6.00,0.20
Qts2Cmp.Brands.Broad.1,13494866729,aggressive.20140122,744549484,aggressive insurance,3.00,0.10,5.00,0.20
Qts2Cmp.Brands.Broad.2,13494872609,21st century.20140122,34052622,21 century auto,3.00,0.10,6.00,0.20
Qts2Cmp.Brands.Exact.1,14500247609,aaa,142541336,triple a car insurance,3.00,0.10,8.00,0.20
Qts2Cmp.Brands.Broad.2,13494879089,plymouth rock.20140122,59172943510,plymouth rock quotes,3.00,0.10,12.00,0.20
Qts2Cmp.Brands.Broad.1,13494868289,freeway .20140122,1582540779,freeway insurance quote,3.00,0.10,7.00,0.20
Qts2Cmp.Brands.Broad.1,13494866849,amica.20140122,99201576,ameca,3.00,0.10,6.00,0.20
Qts2Cmp.Brands.Broad.1,13494869369,ocean harbor.20140122,1060516985,ocean harbor casualty,3.00,0.10,4.00,0.20
Qts2Cmp.Brands.Broad.2,13494876809,horace mann.20140122,100597936,horace mann insurance,3.00,0.10,5.00,0.20
Qts2Cmp.TOM.Broad.1,13494909929,monthly auto insurance.20140122,100615996,monthly auto insurance,3.00,0.10,6.20,0.20
Qts2Cmp.Mobile.Brands.Broad.4,14608875809,state auto.20140122,10893011,allstate insurance,3.00,0.10,8.00,0.20
Qts2Cmp.Brands.Broad.2,13494878009,mutual of enumclaw.20140122,1837263384,mutual of enumclaw auto insurance,3.00,0.10,6.00,0.20
Qts2Cmp.Brands.Broad.2,13494874049,bear river.20140122,119469938,bear river,3.00,0.10,4.00,0.20
Qts2Cmp.Brands.Broad.2,13494875609,gainsco.20140122,54973362938,+gainsco +insurance,3.00,0.10,6.60,0.20
Qts2Cmp.Brands.Broad.2,13494873209,alfa.20140122,412841420,alfa quotes,3.00,0.10,5.00,0.20
Qts2Cmp.Mobile.Brands.Broad.1,14608871849,look.20140122,2942561265,look insurance mi,3.00,0.10,5.00,0.20
Qts2Cmp.Mobile.Brands.Broad.4,14608875809,state auto.20140122,3131513868,aaa free quote,3.00,0.10,12.00,0.20
Qts2Cmp.Brands.Exact.1,13202825609,bristol west.20131210,90925636,bristolwest,3.00,0.10,6.00,0.20
Qts2Cmp.TOM.Broad.1,13494909089,compare and save.20140122,23677373,compare auto insurance rates,3.00,0.10,7.90,0.20
Qts2Cmp.Brands.Exact.1,12919422809,meemic.20131123,635556605,meemic,3.00,0.10,5.00,0.20
Qts2Cmp.Brands.Broad.2,13494874049,bear river.20140122,392668054,bear river mutual car insurance,3.00,0.10,5.00,0.20
Qts2Cmp.Brands.Broad.1,13494866609,adriana.20140122,313645203,adrian insurance,3.00,0.10,5.00,0.20
Qts2Cmp.Mobile.Geico,14608622249,geico.broad.20140316,3608460093,geico online quote,3.00,0.10,8.00,0.20
Qts2Cmp.TOM.Broad.1,13494908849,cheaper auto insurance.20140122,16059653,cheaper auto insurance,3.00,0.10,4.00,0.20
Qts2Cmp.Brands.Broad.2,13494875249,emc.20140122,37511095554,+emc +insurance,3.00,0.10,4.06,0.20
Qts2Cmp.Brands.Broad.2,13494881129,usaa.20140122,10763890,usaa,3.00,0.10,4.00,0.20
